category_id,img,title,sub_title,price,dc,original_price
1,https://img-cf.kurly.com/shop/data/goods/1579511175292l0.jpg,친환경 대파 250g,향이 진하고 단맛도 강한 싱싱한 대파 (250g),1572,21.0,1990.0
1,https://img-cf.kurly.com/shop/data/goods/1609141186826l0.jpg,친환경 당근 500g,껍질째 먹을 수 있는 친환경 흙당근 (500g 내외),2290,,
1,https://img-cf.kurly.com/shop/data/goods/1470293178805l0.jpg,친환경 시금치 200g,뽀빠이가 좋아하는 바로 그 채소. 친환경 시금치 (200g),2501,7.0,2690.0
1,https://img-cf.kurly.com/shop/data/goods/1491876649273l0.jpg,친환경 채소믹스 500g,손질 없이 다양한 채소를 한 번에 (1팩 500g),5310,10.0,5900.0
1,https://img-cf.kurly.com/shop/data/goods/1490946589409l0.jpg,친환경 깐 양파 1개 100g,신선하고 깔끔하게 쓰는 양파(1개/100g내외),1250,,
1,https://img-cf.kurly.com/shop/data/goods/1470791441122l0.jpg,국산콩 무농약 콩나물 300g,정성스럽게 길러낸 콩나물(1봉/300g),1600,,
1,https://img-cf.kurly.com/shop/data/goods/1614734272786l0.jpg,친환경 조각 양배추 400g,건강하게 재배한 만능채소,2490,,
1,https://img-cf.kurly.com/shop/data/goods/1456402788121l0.jpg,친환경 햇 감자 600g,어떤 음식을 해도 잘 어울리는 무농약 감자,1974,40.0,3290.0
1,https://img-cf.kurly.com/shop/data/goods/1470791945336l0.jpg,친환경 부추 200g, 영양 듬뿍 채소의 대명사 (200g),2690,,
1,https://img-cf.kurly.com/shop/data/goods/1456402054869l0.jpg,친환경 애호박 1개,구워 먹어도 나물로 무쳐 먹어도 맛있는 만능 채소 애호박 (1개),2190,,
1,https://img-cf.kurly.com/shop/data/goods/1470792844287l0.jpg,유기농 케일 (즙용) 300g,유기농 케일로 건강한 하루를 시작하세요 (300g 내외),1990,,
1,https://img-cf.kurly.com/shop/data/goods/158469513546l0.jpg,유기농 베이비 채소 100g,부드럽고 떫은 맛이 나지 않는 싱싱한 어린 채소 (100g),2600,,
1,https://img-cf.kurly.com/shop/data/goods/162088742782l0.jpg,친환경 오이 2입,껍질째 안심하고 먹을 수 있는 무농약 오이 (2입),2400,,
1,https://img-cf.kurly.com/shop/data/goods/1595210837486l0.jpg,친환경 쌈채소 모둠 200g,고기 없이 먹어도 맛있을 정도로 신선한 쌈채소 (200g),3100,,
1,https://img-cf.kurly.com/shop/data/goods/1473039091764l0.jpg,무농약 숙주나물 300g,아삭아삭한 만능 나물 (1봉 300g),2490,,
1,https://img-cf.kurly.com/shop/data/goods/1579511291449l0.jpg,친환경 조각 무 1조각,한국인의 밥상에 빠질 수 없는 시원하고 아삭한 무,1690,,
1,https://img-cf.kurly.com/shop/data/goods/1452148803708l0.jpg,친환경 양상추 200g, 매일 먹는 친환경 양상추,3490,,
1,https://img-cf.kurly.com/shop/data/goods/1498026311590l0.jpg,친환경 잎채소 깻잎 30g,상큼하고 쌉쌀한 향기 (1봉/30g),1490,,
1,https://img-cf.kurly.com/shop/data/goods/1498023741120l0.jpg,친환경 잎채소 쌈배추 1/2통,고소함이 겹겹히 쌓인 미니배추,2100,,
1,https://img-cf.kurly.com/shop/data/goods/1498022457728l0.jpg,친환경 잎채소 케일 100g, 건강한 케일(1봉/100g),1690,,
1,https://img-cf.kurly.com/shop/data/goods/1470792458150l0.jpg,친환경 고추 5종,소포장되어 알뜰하게 먹을 수 있는 친환경 고추 (1봉 /100g),1615,5.0,1700.0
1,https://img-cf.kurly.com/shop/data/goods/1470791813427l0.jpg,친환경 가지 2입,쫄깃쫄깃 수분이 꽉 찬 가지(2입),2990,,
1,https://img-cf.kurly.com/shop/data/goods/1470792084921l0.jpg,친환경 쑥갓 150g,미각을 깨우는 향긋한 향! (150g),1790,,
1,https://img-cf.kurly.com/shop/data/goods/1463994162829l0.jpg,유기농 미나리 200g,지하 120m 암반수로 자라 깨끗한 유기농 미나리 (1봉 200g),4200,,
1,https://img-cf.kurly.com/shop/data/goods/1608190610850l0.jpg,친환경 세척 당근 500g,손쉽게 사용하는 주황빛 채소,3990,,
1,https://img-cf.kurly.com/shop/data/goods/1470294335365l0.jpg,친환경 무순 30g,알싸하고 아삭한 맛으로 입맛을 더욱 깔끔하게 (30g),1290,,
1,https://img-cf.kurly.com/shop/data/goods/1470294137606l0.jpg,친환경 버터헤드레터스 1개,달콤하고 부드러운 이파리가 한통~ (1통),2990,,
1,https://img-cf.kurly.com/shop/data/goods/1498030522501l0.jpg,친환경 잎채소 비타민 100g,비타민을 듬뿍 품은 (1봉/100g),1690,,
1,https://img-cf.kurly.com/shop/data/goods/1463996906146l0.jpg,친환경 파채 200g,고기의 영원한 동반자 (200g),3300,,
1,https://img-cf.kurly.com/shop/data/goods/1470278102426l0.jpg,친환경 아욱 & 근대 2종,햇빛 담은 Green Table 아욱/근대 (200g),2290,,
1,https://img-cf.kurly.com/shop/data/goods/1498028459882l0.jpg,친환경 잎채소 치커리 100g,씁쓸한 맛의 매력 (1봉/100g),1690,,
1,https://img-cf.kurly.com/shop/data/goods/1502076110494l0.jpg,친환경 베이비 시금치 100g,작은 잎에 농축된 풍부한 영양 (1팩/100g),4000,,
1,https://img-cf.kurly.com/shop/data/goods/1456401122225l0.jpg,친환경 적양배추 1/2개,과일만큼 아삭하고 달콤한 적채 1/2통,2790,,
1,https://img-cf.kurly.com/shop/data/goods/1499059714730l0.jpg,친환경 피망 2입,어느요리에도 활용가능한 만능채소(1봉 2입),3190,,
1,https://img-cf.kurly.com/shop/data/goods/1489978895649l0.jpg,친환경 비트 2~4입,아름다움과 영양을 겸비한 퍼플푸드(1봉/800g 내외),3990,,
1,https://img-cf.kurly.com/shop/data/goods/1470273928867l0.jpg,친환경 채 도라지 150g,귀찮은 도라지 손질은 이제 그만! (150g),4990,,
1,https://img-cf.kurly.com/shop/data/goods/149802644244l0.jpg,친환경 잎채소 적근대 100g,예쁜 모양새만큼 맛도 일품 (1봉/100g),1690,,
1,https://img-cf.kurly.com/shop/data/goods/1521767438325l0.jpg,친환경 GAP 송미향 버섯 200g,송이와 표고버섯의 맛과 향을 동시에 (1팩/200g),8990,,
1,https://img-cf.kurly.com/shop/data/goods/1463478582772l0.jpg,유기농 신선초 (즙용) 300g,하늘이 내린 선물 신선초 (300g 내외),2100,,
1,https://img-cf.kurly.com/shop/data/goods/1486027577248l0.jpg,친환경 무 시래기 100g,시래기의 천국 양구에서 수확한 친환경 무 시래기 (100g),3600,,
1,https://img-cf.kurly.com/shop/data/goods/1501821652721l0.jpg,친환경 삼계탕 재료 2종,삼계탕에 빠질 수 없는 재료, 친환경으로 더 건강하게,4784,8.0,5200.0
1,https://img-cf.kurly.com/shop/data/goods/146353688350l0.jpg,친환경 밀싹 150g,건강이 자라는 친환경 밀싹 (1팩 150g),3590,,
1,https://img-cf.kurly.com/shop/data/goods/1578467729747l0.jpg,친환경 표고채 35g,말려서 더 깊어진 표고버섯의 풍미,4220,6.0,4490.0
1,https://img-cf.kurly.com/shop/data/goods/big/201510/517_shop1_235548.jpg,[연꽃마을] 우엉차 50g,마실수록 끌리는 구수한 맛의 우엉차,8900,,
1,https://img-cf.kurly.com/shop/data/goods/1578467861491l0.jpg,친환경 표고칩 40g,앙증맞게 썰어 낸 건표고버섯,4990,,
1,https://img-cf.kurly.com/shop/data/goods/157838377582l0.jpg,친환경 상황버섯 20g,귀한 버섯을 손쉽게 즐기는 법!,7490,,
1,https://img-cf.kurly.com/shop/data/goods/1578383899164l0.jpg,친환경 영지버섯 40g,손쉽게 만나는 만년버섯,6990,,
1,https://img-cf.kurly.com/shop/data/goods/1519725643656l0.jpg,무농약 파프리카 1개,과일보다 더 과일같은 채소 파프리카 (1개),3690,,
1,https://img-cf.kurly.com/shop/data/goods/1623996225704l0.jpg,친환경 햇 양파 350g,남길 걱정 없는 만능 채소,1690,,
1,https://img-cf.kurly.com/shop/data/goods/1623999643376l0.jpg,친환경 브로콜리 1개,풍부한 영양이 담긴 초록 꽃송이,2481,17.0,2990.0
1,https://img-cf.kurly.com/shop/data/goods/1609141385434l0.jpg,친환경 얼갈이 300g,농약 없이 건강하게 길러낸,1990,,
1,https://img-cf.kurly.com/shop/data/goods/1623996383387l0.jpg,친환경 햇 양파 1kg,단단하고 아삭한 필수 채소,1973,34.0,2990.0
1,https://img-cf.kurly.com/shop/data/goods/1623999845900l0.jpg,친환경 조각 브로콜리 150g,간편하게 즐기는 초록 꽃송이,2490,,
1,https://img-cf.kurly.com/shop/data/goods/1571706870207l0.jpg,친환경 꼭지제거한 마늘 200g,꼭지까지 제거해서 씻기만 하면 되는 마늘 (1봉/200g),5490,,
1,https://img-cf.kurly.com/shop/data/goods/1589269800286l0.jpg,친환경 저민 마늘 50g,편썰기로 요리에 간편하게 이용하는 저민마늘,2490,,
1,https://img-cf.kurly.com/shop/data/goods/1601348240756l0.jpg,친환경 깐 생강 50g,요리의 풍미를 더하는 간편 향신채(1봉/50g),2990,,
1,https://img-cf.kurly.com/shop/data/goods/1555399464657l0.jpg,친환경 아스파라거스 150g,파릇파릇한 색감, 아삭아삭한 식감,4990,,
1,https://img-cf.kurly.com/shop/data/goods/1536914308220l0.jpg,친환경 완두콩 180g (냉동),일년내내 즐기는 국내산 완두콩(1봉/180g),6500,,
1,https://img-cf.kurly.com/shop/data/goods/1599812489869l0.jpg,유기농 표고버섯 150g,풍부한 맛과 향, 건강까지 함께,3790,5.0,3990.0
1,https://img-cf.kurly.com/shop/data/goods/1583195193809l0.jpg,[기획특가] 영암 친환경 꿀고구마 2kg,포실포실 달콤한 꿀고구마를 무농약으로 즐기세요,12900,18.0,15900.0
1,https://img-cf.kurly.com/shop/data/goods/1557726856893l0.jpg,[ardo] 유기농 당근 슬라이스 600g (냉동),필요한 양 만큼, 손질 걱정 없이 사용하는 유기농 당근 슬라이스(1봉/600g),4980,,
1,https://img-cf.kurly.com/shop/data/goods/1557211569900l0.jpg,친환경 화고버섯 200g,표고버섯이 아닙니다. 고품격 '화고'입니다.(1팩/200g내외),8360,7.0,8990.0
1,https://img-cf.kurly.com/shop/data/goods/1585892483659l0.jpg,이유식 재료 친환경 청경채 50g,부드러운 맛의 이유식용 청경채(50g/1팩),1190,,
1,https://img-cf.kurly.com/shop/data/goods/1572230640516l0.jpg,유기농 간편 표고버섯 90g (냉동),요리에 감칠맛을 더해주는 간편 표고버섯(1통/90g),3500,,
1,https://img-cf.kurly.com/shop/data/goods/1557723926836l0.jpg,[ardo] 유기농 콜리플라워 600g (냉동),필요한 만큼 꺼내쓰는 유기농 냉동 콜리플라워(1봉/600g),5900,,
1,https://img-cf.kurly.com/shop/data/goods/1572241219270l0.jpg,친환경 한입 달수 고구마 700g,한입 사이즈로 간편하게 즐기는 달수 고구마 (1봉/700g),4990,,
1,https://img-cf.kurly.com/shop/data/goods/1601348318523l0.jpg,친환경 깐 감자 1개 100g,간편하게 즐기는 포슬포슬 고소한 맛(1개/100g),1400,,
1,https://img-cf.kurly.com/shop/data/goods/1531471950152l0.jpg,친환경 햇 조림용 감자 1kg,휴게소별미 버터구이 통감자를 집에서 (1봉/1kg),3490,,
1,https://img-cf.kurly.com/shop/data/goods/1574751077341l0.jpg,친환경 셀러리 500g,아삭아삭 청량한 식감,3990,,
1,https://img-cf.kurly.com/shop/data/goods/15717119643l0.jpg,친환경 손질한 당근 200g,원하는대로 썰어주기만 하면, 당근 준비 끝!(1봉/200g),2490,,
1,https://img-cf.kurly.com/shop/data/goods/1615448545154l0.jpg,친환경 무 1통,식탁 위의 만능 식재료,2490,,
1,https://img-cf.kurly.com/shop/data/goods/159547811288l0.jpg,친환경 풋호박,푸릇푸릇 둥글게 여문 익숙한 그 맛(1개/400g 내외),2040,15.0,2400.0
1,https://img-cf.kurly.com/shop/data/goods/1589529467425l0.jpg,친환경 유러피안 쌈채소 모둠 200g,식감이 부드러운 유럽종 쌈채소 모음(200g/1팩),4500,,
1,https://img-cf.kurly.com/shop/data/goods/1583297457921l0.jpg,친환경 만가닥버섯 2종 (흰색/갈색),동글동글 귀여운 갓이 매력적인,1300,,
1,https://img-cf.kurly.com/shop/data/goods/1573794789703l0.jpg,유기농 사포나리아 알로에 4입,가시만 제거하고 껍질째 생으로 먹는 알로에,9800,,
1,https://img-cf.kurly.com/shop/data/goods/1557716294853l0.jpg,친환경 새싹보리 150g,내 몸에 선물하는 파릇한 건강(1팩/150g),3290,,
1,https://img-cf.kurly.com/shop/data/goods/1562653412367l0.jpg,친환경 샐러드 양배추,생으로 먹기 좋은 달콤한 양배추(1통),2990,,
1,https://img-cf.kurly.com/shop/data/goods/1538731815944l0.jpg,친환경 노루궁뎅이 버섯 190g,귀여운모양, 야무진 쓰임새(1팩/190g),2990,,
1,https://img-cf.kurly.com/shop/data/goods/1586495319272l0.jpg,친환경 참나물 150g,으뜸나물에 걸맞는 신선한 맛(150g/1봉),2500,,
1,https://img-cf.kurly.com/shop/data/goods/1598336948521l0.jpg,유기농 양파 1.5kg,건강하게 누리는 단골 식재료,3490,,
1,https://img-cf.kurly.com/shop/data/goods/159538418389l0.jpg,친환경 꽃송이 버섯 100g,아름다운 모양, 보들보들한 식감(100g/1팩),7490,,
1,https://img-cf.kurly.com/shop/data/goods/1572230934869l0.jpg,유기농 간편 청양고추 120g (냉동),매운맛이 필요할 때 간편하게 쏙쏙(1통/120g),3500,,
1,https://img-cf.kurly.com/shop/data/goods/1535958650305l0.jpg,친환경 동충하초 120g,깨끗하게 기른 신비의 버섯(1팩/120g),3315,5.0,3490.0
1,https://img-cf.kurly.com/shop/data/goods/1557726502451l0.jpg,[ardo] 유기농 완두콩 600g (냉동),요리의 식감과 색감을 살려주는 유기농 완두콩(1봉/600g),5900,,
1,https://img-cf.kurly.com/shop/data/goods/1585892051758l0.jpg,이유식 재료 친환경 아욱 50g,영양 가득 부드러운 잎 채소(50g/1봉),1190,,
1,https://img-cf.kurly.com/shop/data/goods/1531464326399l0.jpg,친환경 장아찌용 햇 양파 1kg,야무지게 사용 가능한 작은 양파(1망/1kg),2290,,
1,https://img-cf.kurly.com/shop/data/goods/1600318281653l0.jpg,친환경 브라운 양송이 150g,진한 빛깔로 즐기는 맛과 향,3990,,
1,https://img-cf.kurly.com/shop/data/goods/1602482402986l0.jpg,[Kurly's] 국산콩 콩나물 250g (제주콩/무농약),1등급 제주콩을 맑은 물로 길러낸(1봉/250g),1500,,
1,https://img-cf.kurly.com/shop/data/goods/1572227699701l0.jpg,[ardo] 유기농 브로콜리 600g (냉동),필요한만큼 꺼내쓰는 편리한 유기농 브로콜리,7500,,
1,https://img-cf.kurly.com/shop/data/goods/1585891714719l0.jpg,이유식 재료 친환경 근대 50g,초록빛 영양이 듬뿍한 근대(50g/1봉),1190,,
1,https://img-cf.kurly.com/shop/data/goods/1501653435519l0.jpg,친환경 영양부추,이름 그대로 영양 가득 싱싱한 영양부추(1봉/100g),3400,,
1,https://img-cf.kurly.com/shop/data/goods/1557727941671l0.jpg,[ardo] 유기농 채소믹스 600g (냉동),손질이 필요없는 간편한 유기농 채소믹스(1봉/600g),4980,,
1,https://img-cf.kurly.com/shop/data/goods/1605508215818l0.jpg,영암 친환경 꿀고구마 1kg,건강하게 즐기는 진한 달콤함,10137,7.0,10900.0
1,https://img-cf.kurly.com/shop/data/goods/1597040781844l0.jpg,친환경 손질 유러피안 샐러드 6종,유럽종 채소가 전하는 싱그러움,2350,,
1,https://img-cf.kurly.com/shop/data/goods/1592977247786l0.jpg,유기농 애플민트 10g,건강한 초록잎에 깃든 상큼함(10g/1팩),1990,,
1,https://img-cf.kurly.com/shop/data/goods/1600829342493l0.jpg,[Kurly's] 무농약 국산 숙주나물 250g,무농약으로 아삭하게 길러낸 (1봉/250g),2350,,
1,https://img-cf.kurly.com/shop/data/goods/1557727439184l0.jpg,[ardo] 유기농 수프채소믹스 600g (냉동),수프와 스튜에 어울리는 유기농 종합 채소 믹스(1봉/600g),4980,,
1,https://img-cf.kurly.com/shop/data/goods/1498100427250l0.jpg,친환경 샤브샤브용 모둠채소 700g,손질된 채소와 버섯이 한 팩에 쏙!(1팩/700g),8000,,
1,https://img-cf.kurly.com/shop/data/goods/155772422419l0.jpg,[ardo] 유기농 그린빈 600g (냉동),냉동이라 부담없이 필요할 때 꺼내쓰는 유기농 그린빈(1봉/600g),4980,,
2,https://img-cf.kurly.com/shop/data/goods/1583195193809l0.jpg,[기획특가] 영암 친환경 꿀고구마 2kg,포실포실 달콤한 꿀고구마를 무농약으로 즐기세요,12900,18.0,15900.0
2,https://img-cf.kurly.com/shop/data/goods/161941463186l0.jpg,우엉채 200g,손질 걱정없는 밑반찬 재료,2990,,
2,https://img-cf.kurly.com/shop/data/goods/1609141186826l0.jpg,친환경 당근 500g,껍질째 먹을 수 있는 친환경 흙당근 (500g 내외),2290,,
2,https://img-cf.kurly.com/shop/data/goods/1571711306635l0.jpg,친환경 손질한 더덕 200g,간편하게 즐기는 향긋한 더덕(1봉/200g),9290,,
2,https://img-cf.kurly.com/shop/data/goods/1605512383246l0.jpg,나주 영산포 꿀 밤고구마 3kg,영산포 황토질 토양에서 키운,18900,,
2,https://img-cf.kurly.com/shop/data/goods/1616381260762l0.jpg,왕당근 2입,넉넉하게 즐기는 만능 식재료,2365,5.0,2490.0
2,https://img-cf.kurly.com/shop/data/goods/1556269235911l0.jpg,[KC] 노랑 옥수수 2종,통째로 즐기는 달큰 부드러운 스위트콘!,2090,,
2,https://img-cf.kurly.com/shop/data/goods/1617698739808l0.jpg,국내산 세척당근 1kg,간편하게 활용하는 세척당근,3290,,
2,https://img-cf.kurly.com/shop/data/goods/1606718892411l0.jpg,오븐에 구운 고구마 말랭이 150g,쫀득함이 살아있는 한 입 간식,4990,,
2,https://img-cf.kurly.com/shop/data/goods/1599566522332l0.jpg,깐 마 300g,손질 없이 맛보는 땅속의 영양 (1개/300g),7490,,
2,https://img-cf.kurly.com/shop/data/goods/1613703343712l0.jpg,[KF365] 밤고구마 800g/봉,포근하고 고소한 고구마(1봉/800g),5980,,
2,https://img-cf.kurly.com/shop/data/goods/1613703217902l0.jpg,[KF365] 호박고구마 800g/봉,더욱 촉촉하고 달콤한 호박고구마 (1봉/800g),6990,,
2,https://img-cf.kurly.com/shop/data/goods/1613703525779l0.jpg,[KF365] 햇 감자 1kg,믿고 먹을 수 있는 상품을 합리적인 가격에, KF365,2500,,
2,https://img-cf.kurly.com/shop/data/goods/1614228571675l0.jpg,깐 감자 1입 150g,요리에 바로 더하는 손질 감자,1990,,
2,https://img-cf.kurly.com/shop/data/goods/15717119643l0.jpg,친환경 손질한 당근 200g,원하는대로 썰어주기만 하면, 당근 준비 끝!(1봉/200g),2490,,
2,https://img-cf.kurly.com/shop/data/goods/1551236361884l0.jpg,유기농 다진 연근 60g (냉동),아삭아삭 뿌리 채소의 영양,4200,,
2,https://img-cf.kurly.com/shop/data/goods/1601348318523l0.jpg,친환경 깐 감자 1개 100g,간편하게 즐기는 포슬포슬 고소한 맛(1개/100g),1400,,
2,https://img-cf.kurly.com/shop/data/goods/1501813290573l0.jpg,유기농 다진 당근 60g (냉동),은은한 단맛과 풍부한 비타민A,2200,,
2,https://img-cf.kurly.com/shop/data/goods/1578898529481l0.jpg,무농약 고구마로 만든 부드러운 달구마,바로 꺼내 먹는 간편한 삶은 고구마,2800,,
2,https://img-cf.kurly.com/shop/data/goods/1583285919646l0.jpg,한끼 당근 1개,딱 하나만 필요할 때 한끼 당근,1300,,
2,https://img-cf.kurly.com/shop/data/goods/1608190610850l0.jpg,친환경 세척 당근 500g,손쉽게 사용하는 주황빛 채소,3990,,
2,https://img-cf.kurly.com/shop/data/goods/1607568736686l0.jpg,유기농 다진 당근 100g,요리에 바로 더하는 주황빛 영양,2900,,
2,https://img-cf.kurly.com/shop/data/goods/1606199075497l0.jpg,해남 꿀 밤고구마 1.5kg,황토에서 자란 달콤 해남 고구마,12900,,
2,https://img-cf.kurly.com/shop/data/goods/1605508215818l0.jpg,영암 친환경 꿀고구마 1kg,건강하게 즐기는 진한 달콤함,10137,7.0,10900.0
2,https://img-cf.kurly.com/shop/data/goods/1604292544610l0.jpg,[KC] 군옥수수 더블콘,불향을 입힌 달콤한 옥수수,3800,,
2,https://img-cf.kurly.com/shop/data/goods/1599554618183l0.jpg,텃밭 채소 씨앗 10종,직접 가꾸고 수확하는 텃밭 채소,1000,,
2,https://img-cf.kurly.com/shop/data/goods/1599542852741l0.jpg,새싹 채소 씨앗 10종,직접 길러 먹는 영양 가득 새싹,1500,,
2,https://img-cf.kurly.com/shop/data/goods/1596088109574l0.jpg,흑 찰옥수수 5입,까맣고 오묘한 매력의 소유자,6000,,
2,https://img-cf.kurly.com/shop/data/goods/1597820372142l0.jpg,[야채랑] 냉동 조각 옥수수 10입,스테이크 가니쉬로, 바비큐 구이로,4400,,
2,https://img-cf.kurly.com/shop/data/goods/1591329540615l0.jpg,깐 찰 옥수수 2입 팩,알이 꽉 차 있음을 바로 알 수 있는 햇 찰옥수수,2928,11.0,3290.0
2,https://img-cf.kurly.com/shop/data/goods/1591330382579l0.jpg,찰 옥수수 5입 망,올해 수확한 햇 찰옥수수,5990,,
2,https://img-cf.kurly.com/shop/data/goods/1590648097399l0.jpg,초당 옥수수 5입,아삭하고 달콤한 생옥수수의 매력,8890,,
2,https://img-cf.kurly.com/shop/data/goods/1590648050260l0.jpg,초당 옥수수 2입,아삭하고 달콤한 생옥수수의 매력,3880,,
2,https://img-cf.kurly.com/shop/data/goods/1583480091169l0.jpg,흙당근 1kg,영양 가득 당근을 더 신선하게 영양 가득 당근을 더 신선하게,2990,,
2,https://img-cf.kurly.com/shop/data/goods/1583288578136l0.jpg,한끼 감자 300g,보관 걱정 없이 소용량 포장으로,1790,,
2,https://img-cf.kurly.com/shop/data/goods/1572241219270l0.jpg,친환경 한입 달수 고구마 700g,한입 사이즈로 간편하게 즐기는 달수 고구마 (1봉/700g),4990,,
2,https://img-cf.kurly.com/shop/data/goods/1624433716944l0.jpg,[네떼]베이비 당근 250g,아담한 사이즈에 하나씩 쓰기 좋은 앙증맞은 당근(1팩/250g),3590,,
2,https://img-cf.kurly.com/shop/data/goods/153543279519l0.jpg,[기획특가] 친환경 감자 2kg,근채류의 팔방미인,4990,28.0,6990.0
2,https://img-cf.kurly.com/shop/data/goods/1531471950152l0.jpg,친환경 햇 조림용 감자 1kg,휴게소별미 버터구이 통감자를 집에서 (1봉/1kg),3490,,
2,https://img-cf.kurly.com/shop/data/goods/1456402788121l0.jpg,친환경 햇 감자 600g,어떤 음식을 해도 잘 어울리는 무농약 감자,1974,40.0,3290.0
2,https://img-cf.kurly.com/shop/data/goods/1625201556562l0.jpg,마 500g,영양 가득 알카리성 채소 마 500g,12900,,
2,https://img-cf.kurly.com/shop/data/goods/1543907060596l0.jpg,우엉 400g,영양과 식감이 좋은 채소, 우엉 400g,2490,,
2,https://img-cf.kurly.com/shop/data/goods/1620106344824l0.jpg,햇당근 2kg,넉넉히 두고 쓰는 주홍빛 채소,5690,,
2,https://img-cf.kurly.com/shop/data/goods/1618798084808l0.jpg,노지 햇 감자 2kg,푸짐하게 즐기는 파근파근함,5490,,
3,https://img-cf.kurly.com/shop/data/goods/1470293178805l0.jpg,친환경 시금치 200g,뽀빠이가 좋아하는 바로 그 채소. 친환경 시금치 (200g),2501,7.0,2690.0
3,https://img-cf.kurly.com/shop/data/goods/1470791945336l0.jpg,친환경 부추 200g, 영양 듬뿍 채소의 대명사 (200g),2690,,
3,https://img-cf.kurly.com/shop/data/goods/158469513546l0.jpg,유기농 베이비 채소 100g,부드럽고 떫은 맛이 나지 않는 싱싱한 어린 채소 (100g),2600,,
3,https://img-cf.kurly.com/shop/data/goods/1595210837486l0.jpg,친환경 쌈채소 모둠 200g,고기 없이 먹어도 맛있을 정도로 신선한 쌈채소 (200g),3100,,
3,https://img-cf.kurly.com/shop/data/goods/1498026311590l0.jpg,친환경 잎채소 깻잎 30g,상큼하고 쌉쌀한 향기 (1봉/30g),1490,,
3,https://img-cf.kurly.com/shop/data/goods/1498023741120l0.jpg,친환경 잎채소 쌈배추 1/2통,고소함이 겹겹히 쌓인 미니배추,2100,,
3,https://img-cf.kurly.com/shop/data/goods/1540864600439l0.jpg,[KF365] 청상추 150g,믿고 먹을 수 있는 상품을 합리적인 가격에, KF365,1600,,
3,https://img-cf.kurly.com/shop/data/goods/1498022457728l0.jpg,친환경 잎채소 케일 100g,건강한 케일(1봉/100g),1690,,
3,https://img-cf.kurly.com/shop/data/goods/1470792084921l0.jpg,친환경 쑥갓 150g,미각을 깨우는 향긋한 향! (150g),1790,,
3,https://img-cf.kurly.com/shop/data/goods/1463994162829l0.jpg,유기농 미나리 200g,지하 120m 암반수로 자라 깨끗한 유기농 미나리 (1봉 200g),4200,,
3,https://img-cf.kurly.com/shop/data/goods/1498030522501l0.jpg,친환경 잎채소 비타민 100g,비타민을 듬뿍 품은 (1봉/100g),1690,,
3,https://img-cf.kurly.com/shop/data/goods/1470278102426l0.jpg,친환경 아욱 & 근대 2종,햇빛 담은 Green Table 아욱/근대 (200g),2290,,
3,https://img-cf.kurly.com/shop/data/goods/1498028459882l0.jpg,친환경 잎채소 치커리 100g,씁쓸한 맛의 매력 (1봉/100g),1690,,
3,https://img-cf.kurly.com/shop/data/goods/1502076110494l0.jpg,친환경 베이비 시금치 100g,작은 잎에 농축된 풍부한 영양 (1팩/100g),4000,,
3,https://img-cf.kurly.com/shop/data/goods/1470273928867l0.jpg,친환경 채 도라지 150g,귀찮은 도라지 손질은 이제 그만! (150g),4990,,
3,https://img-cf.kurly.com/shop/data/goods/1511847668705l0.jpg,공심채 200g,우리 입맛에 딱 맞는 오리엔탈 채소 (1팩/200g),4550,5.0,4790.0
3,https://img-cf.kurly.com/shop/data/goods/149802644244l0.jpg,친환경 잎채소 적근대 100g,예쁜 모양새만큼 맛도 일품 (1봉/100g),1690,,
3,https://img-cf.kurly.com/shop/data/goods/1463478582772l0.jpg,유기농 신선초 (즙용) 300g,하늘이 내린 선물 신선초 (300g 내외),2100,,
3,https://img-cf.kurly.com/shop/data/goods/1470792171597l0.jpg,친환경 삶은 고사리와 무 시래기,친환경 삶은 나물 2종으로 간편하게 나물요리 준비 끝!,2890,,
3,https://img-cf.kurly.com/shop/data/goods/1486027577248l0.jpg,친환경 무 시래기 100g,시래기의 천국, 양구에서 수확한 친환경 무 시래기 (100g),3600,,
3,https://img-cf.kurly.com/shop/data/goods/147079268823l0.jpg,건나물 7종,가지,호박,유채,토란,고구마,무말랭이,울릉도부지갱이,5000,,
3,https://img-cf.kurly.com/shop/data/goods/1581922254654l0.jpg,[권영원 소담정찬] 건 곤드레나물 100g,한껏 피어오르는 향취,7000,,
3,https://img-cf.kurly.com/shop/data/goods/1624599277880l0.jpg,바로먹는 자숙 우엉채 500g,손쉽게 만나는 영양만점 뿌리채소,5290,,
3,https://img-cf.kurly.com/shop/data/goods/1624607714596l0.jpg,바로먹는 자숙 시래기 500g,손질 없이 즐기는 구수한 나물,2690,,
3,https://img-cf.kurly.com/shop/data/goods/1624608329401l0.jpg,바로먹는 자숙 토란대 500g,간편하게 즐기는 쫄깃한 채소,4490,,
3,https://img-cf.kurly.com/shop/data/goods/1624607840582l0.jpg,바로먹는 자숙 취나물 500g,손쉽게 조리하는 부드러운 취나물,4490,,
3,https://img-cf.kurly.com/shop/data/goods/1624599431135l0.jpg,바로먹는 자숙 곤드레 500g,부드럽게 삶아낸 간편 나물,4490,,
3,https://img-cf.kurly.com/shop/data/goods/1624599571216l0.jpg,바로먹는 자숙 고구마줄기 500g,간편하게 요리하는 부드러운 줄기,4290,,
3,https://img-cf.kurly.com/shop/data/goods/1619678063405l0.jpg,친환경 적상추 2종,부드럽고 신선한 잎채소,1690,,
3,https://img-cf.kurly.com/shop/data/goods/161967561228l0.jpg,친환경 로메인 2종,아삭한 식감에 깃든 싱그러움,1690,,
3,https://img-cf.kurly.com/shop/data/goods/1619679443615l0.jpg,친환경 청상추 2종,초록빛 싱그러움이 담긴 쌈채소,1690,,
3,https://img-cf.kurly.com/shop/data/goods/1619680685239l0.jpg,친환경 청경채 2종,부드러운 잎채소가 전하는 풍미,1690,,
3,https://img-cf.kurly.com/shop/data/goods/1581924773167l0.jpg,한끼 치커리 60g,간편하게 사용하는 잎채소,1300,,
3,https://img-cf.kurly.com/shop/data/goods/1581914398514l0.jpg,한끼 적상추 50g,소용량으로 부담 없이 즐기는,1290,,
3,https://img-cf.kurly.com/shop/data/goods/1581919806436l0.jpg,한끼 적겨자 50g,알싸한 풍미의 적색 겨자잎,1300,,
3,https://img-cf.kurly.com/shop/data/goods/154086569199l0.jpg,[KF365] 적상추 150g,믿고 먹을 수 있는 상품을 합리적인 가격에, KF365,1600,,
3,https://img-cf.kurly.com/shop/data/goods/1585892483659l0.jpg,이유식 재료 친환경 청경채 50g,부드러운 맛의 이유식용 청경채(50g/1팩),1190,,
3,https://img-cf.kurly.com/shop/data/goods/154658128817l0.jpg,추부 깻잎 30g,진항 향의 금산 추부 깻잎,1590,,
3,https://img-cf.kurly.com/shop/data/goods/1581917416397l0.jpg,한끼 쌈추 40g,배추와 양배추의 장점만 살린,1300,,
3,https://img-cf.kurly.com/shop/data/goods/1604649637724l0.jpg,아욱 200g,연하고 부드러운 잎채소,2290,,
3,https://img-cf.kurly.com/shop/data/goods/1581925163566l0.jpg,한끼 쌈케일 40g,아삭하게 즐기는 소용량 채소,1300,,
3,https://img-cf.kurly.com/shop/data/goods/1602491514790l0.jpg,손질 쌈배추 200g,쌈으로 즐기는 달큼한 배춧잎,1490,,
3,https://img-cf.kurly.com/shop/data/goods/1580447356481l0.jpg,당귀잎 35g,향기가 남다른 건강 식재료,3690,,
3,https://img-cf.kurly.com/shop/data/goods/1571644949410l0.jpg,무농약 고사리&도라지 300g,,9990,,
3,https://img-cf.kurly.com/shop/data/goods/1615186729326l0.jpg,데친 고사리 200g,간편하게 만드는 나물 반찬,5190,,
3,https://img-cf.kurly.com/shop/data/goods/1604649803431l0.jpg,근대 200g,초록빛 영양이 듬뿍,2176,7.0,2340.0
3,https://img-cf.kurly.com/shop/data/goods/1599464587297l0.jpg,삼겹살용 모둠쌈 350g,한 팩이면 쌈채소 준비 끝,5390,,
3,https://img-cf.kurly.com/shop/data/goods/1589529467425l0.jpg,친환경 유러피안 쌈채소 모둠 200g,식감이 부드러운 유럽종 쌈채소 모음(200g/1팩),4500,,
3,https://img-cf.kurly.com/shop/data/goods/1586495319272l0.jpg,친환경 참나물 150g,으뜸나물에 걸맞는 신선한 맛(150g/1봉),2500,,
3,https://img-cf.kurly.com/shop/data/goods/157655557851l0.jpg,깐 도라지 100g,깔끔하게 손질해 사용이 간편한,2990,,
3,https://img-cf.kurly.com/shop/data/goods/1583463505772l0.jpg,경기 시금치 250g/단,두루 사용되는 국민 엽채류,2100,,
3,https://img-cf.kurly.com/shop/data/goods/1600908934228l0.jpg,영양 부추 100g,씹는 맛이 살아있는 영양 부추,2190,,
3,https://img-cf.kurly.com/shop/data/goods/1585892051758l0.jpg,이유식 재료 친환경 아욱 50g,영양 가득 부드러운 잎 채소(50g/1봉),1190,,
3,https://img-cf.kurly.com/shop/data/goods/1581917548594l0.jpg,한끼 샐러리잎 50g,쌉쌀하고 개운한 풍미,1690,,
3,https://img-cf.kurly.com/shop/data/goods/1590122173197l0.jpg,호박잎 150g,쌈밥의 대명사,2315,7.0,2490.0
3,https://img-cf.kurly.com/shop/data/goods/158191768881l0.jpg,한끼 모둠쌈 100g,부담 없이 즐기는 다양한 쌈 채소,2190,,
3,https://img-cf.kurly.com/shop/data/goods/1585891714719l0.jpg,이유식 재료 친환경 근대 50g,초록빛 영양이 듬뿍한 근대(50g/1봉),1190,,
3,https://img-cf.kurly.com/shop/data/goods/1501653435519l0.jpg,친환경 영양부추,이름 그대로 영양 가득 싱싱한 영양부추(1봉/100g),3400,,
3,https://img-cf.kurly.com/shop/data/goods/1600909020853l0.jpg,미나리 250g,탕거리의 단짝 친구, 향긋한 미나리(1봉/250g),3300,,
3,https://img-cf.kurly.com/shop/data/goods/1558604391682l0.jpg,구이용 쌈 모둠 150g,상추,깻잎,고추,마늘 까지 간편 종합 모듬쌈(1팩),3490,,
3,https://img-cf.kurly.com/shop/data/goods/1582272438426l0.jpg,새싹 모둠 채소 100g,생명력을 지닌 다채로운 새싹 채소,1650,,
3,https://img-cf.kurly.com/shop/data/goods/1573440043232l0.jpg,컷팅 부추 100g,먹기 쉽게 컷팅된 소용량 부추(1봉/100g),996,17.0,1200.0
3,https://img-cf.kurly.com/shop/data/goods/157501072795l0.jpg,상추&깻잎 간편쌈 120g,상추와 깻잎을 한번에!,2190,,
3,https://img-cf.kurly.com/shop/data/goods/1583461623580l0.jpg,한끼 깻잎 20g,딱 깻잎이 조금 필요할 때 !,1100,,
3,https://img-cf.kurly.com/shop/data/goods/1596176960105l0.jpg,고추냉이 잎 50g,이파리에 담긴 알싸한 맛,3290,,
3,https://img-cf.kurly.com/shop/data/goods/1581917262748l0.jpg,한끼 청상추 50g,싱그러움이 느껴지는 초록빛 상추,1290,,
3,https://img-cf.kurly.com/shop/data/goods/1596695021795l0.jpg,알배기 배추 1통,고소하고 달큼한 맛이 일품인 미니 알배기 배추 1통,2490,,
3,https://img-cf.kurly.com/shop/data/goods/1581926073661l0.jpg,한끼 적치커리 40g,쌉싸래한 향이 매력적인 컬러푸드,1890,,
3,https://img-cf.kurly.com/shop/data/goods/1558605337258l0.jpg,[KF365] 부추 200g,전으로 부쳐도, 무쳐먹어도 맛있는 만능 채소(200g/봉),1180,,
3,https://img-cf.kurly.com/shop/data/goods/1508476686961l0.jpg,무농약 깻잎순,줄기까지 부드러운 새로운 깻잎순(1봉 200g),2800,,
3,https://img-cf.kurly.com/shop/data/goods/1596172925500l0.jpg,베이비 시금치,은은한 단맛 품은 어린 잎,2800,,
3,https://img-cf.kurly.com/shop/data/goods/1600909103440l0.jpg,취나물 150g,향긋함이 일품인 취나물,2990,,
3,https://img-cf.kurly.com/shop/data/goods/1590714710715l0.jpg,고구마 순 (적순) 200g,고구마 만큼 맛있는 아삭아삭 고구마 순,2700,,
3,https://img-cf.kurly.com/shop/data/goods/159071470841l0.jpg,고구마 순 (청순) 200g,고구마 만큼 맛있는 아삭아삭 고구마 순,2700,,
3,https://img-cf.kurly.com/shop/data/goods/1580447007352l0.jpg,참나물 150g,활용도 높은 향긋한 나물,2190,,
3,https://img-cf.kurly.com/shop/data/goods/1585892674926l0.jpg,이유식 재료 친환경 베이비 시금치 50g,연하고 부드러운 이유식 용 베이비 시금치(50g/1팩),2200,,
3,https://img-cf.kurly.com/shop/data/goods/158589341498l0.jpg,이유식 재료 친환경 비타민 50g,귀여운 잎에 든 진녹빛 영양의 비타민(50g/1봉),1190,,
3,https://img-cf.kurly.com/shop/data/goods/1604649514452l0.jpg,쑥갓 200g,향긋하게 번지는 고소함,1790,,
3,https://img-cf.kurly.com/shop/data/goods/1608614513936l0.jpg,청경채 300g,아삭함과 부드러움을 동시에 지닌,2220,,
3,https://img-cf.kurly.com/shop/data/goods/1581922575419l0.jpg,한끼 적근대 40g,생으로 즐기기 좋은 붉은색 근대,1500,,
3,https://img-cf.kurly.com/shop/data/goods/1580708666582l0.jpg,[KF365] GAP 밀양 깻잎 3속,믿고 먹을 수 있는 상품을 합리적인 가격에, KF365,990,,
4,https://img-cf.kurly.com/shop/data/goods/1470791620540l0.jpg,유기농 바나나 500g,당일입고 당일배송되는 유기농 바나나 (500g 내외),3150,,
4,https://img-cf.kurly.com/shop/data/goods/1518057102129l0.jpg,무농약 토마토 1kg,친환경으로 재배한 무농약 토마토 (1kg),6980,,
4,https://img-cf.kurly.com/shop/data/goods/1470791759961l0.jpg,게르마늄 무농약 컬러 방울토마토 500g,톡톡튀는 컬러만큼 달고 맛있는 컬러 방울토마토,6980,,
4,https://img-cf.kurly.com/shop/data/goods/151123422585l0.jpg,[유가원] 유기농 바나나칩 230g,바삭하게 즐기는 영양 만점 바나나칩,4900,,
4,https://img-cf.kurly.com/shop/data/goods/1514871078589l0.jpg,[유가원] 유기농 코코넛칩 180g,씹을수록 고소한 건강 간식,9000,,
4,https://img-cf.kurly.com/shop/data/goods/156377793210l0.jpg,[유가원] 유기농 스위트 코코넛칩 180g,달콤하게 구운 유기농 코코넛칩(1봉/180g),9900,,
4,https://img-cf.kurly.com/shop/data/goods/1550545483493l0.jpg,[유가원] 유기농 솔티드 아몬드 120g,고소함에 짭짤함을 더한 유기농 솔티드 아몬드 120g,10900,,
4,https://img-cf.kurly.com/shop/data/goods/151902380965l0.jpg,무농약 흑토마토 700g,영양소 충전에 좋은 검붉은 과채류 (1팩/700g),5200,,
4,https://img-cf.kurly.com/shop/data/goods/1593479887943l0.jpg,무농약 머스크 멜론 2kg,건강하게 달달한 남원 무농약 어얼스 머스크 멜론,12900,,
4,https://img-cf.kurly.com/shop/data/goods/156801267489l0.jpg,[유가원] 유기농 슬라이스 아몬드 토핑 140g,간편하게 고소하게 토핑으로 올리는 아몬드(1통/140g),8900,,
4,https://img-cf.kurly.com/shop/data/goods/1563778926186l0.jpg,[유가원] 유기농 애플칩 50g,겉은 바삭, 속은 말랑, 맛은 달콤(1팩/50g),5500,,
4,https://img-cf.kurly.com/shop/data/goods/1550542002802l0.jpg,[유가원] 유기농 솔티드 캐슈넛 120g,고소함에 짭짤함을 더한 유기농 솔티드 캐슈넛 120g,9800,,
4,https://img-cf.kurly.com/shop/data/goods/1616747136952l0.jpg,[유가원] 유기농 건과일 3종,말려서 더 맛있어진 유기농 건과일 (건체리,건블루베리,건크랜베리 총 3종),9400,,
4,https://img-cf.kurly.com/shop/data/goods/1559199944181l0.jpg,[유가원] 유기농 구운아몬드 200g,고소한 견과를 더욱 건강하게, 유기농 구운아몬드 200g,14000,,
4,https://img-cf.kurly.com/shop/data/goods/1616483314236l0.jpg,[유기샘] 무농약 호두 2종,안심하고 즐기는 국산 호두,14500,,
4,https://img-cf.kurly.com/shop/data/goods/1571213125416l0.jpg,[유가원] 유기농 시리얼바 4종,유기농으로 즐기는 간편 시리얼바 4종 (1상자/5개입),6900,,
4,https://img-cf.kurly.com/shop/data/goods/1563778535934l0.jpg,[유가원] 유기농 스위트 카카오닙스 180g,야콘 시럽으로 쓴 맛을 잡은 달콤한 카카오닙스(1통/180g),11000,,
4,https://img-cf.kurly.com/shop/data/goods/1554358889308l0.jpg,[유가원] 유기농 구운 피스타치오 130g,땅에서 나는 초록색 에메랄드( 1통/130g),9980,,
4,https://img-cf.kurly.com/shop/data/goods/1622534337961l0.jpg,제스프리 유기농 키위 2종,뉴질랜드에서 온 새콤달콤함,5990,,
4,https://img-cf.kurly.com/shop/data/goods/161665693964l0.jpg,[유가원] 유기농 데일리 믹스넛츠 (더 오리지널) 2종,더 건강하게 챙기는 유기농 하루 견과,12600,,
4,https://img-cf.kurly.com/shop/data/goods/1528967744534l0.jpg,[유가원] 유기농 그래놀라 4종,엄선된 유기농 곡물과 건과일로 만든 그래놀라,7500,,
4,https://img-cf.kurly.com/shop/data/goods/1603774501549l0.jpg,[유가원]유기농 건파인애플,쫀득한 식감과 깊은 풍미,4950,,
4,https://img-cf.kurly.com/shop/data/goods/1597297876103l0.jpg,무농약 부드러운 황도 복숭아 1.8kg (5~8입),자연이 주는 노란빛 달콤함,27700,,
4,https://img-cf.kurly.com/shop/data/goods/1546828391160l0.jpg,[유가원] 유기농 심쿵 캐슈넛 150g 2종,건강한 단맛을 더한 유기농 심쿵 캐슈넛 150g 2종 (코코넛칩/카카오닙스),10500,,
4,https://img-cf.kurly.com/shop/data/goods/1577341240262l0.jpg,[테일러] 유기농 푸룬 건자두 2종,유기농으로 기른 프룬의 영양,2500,,
4,https://img-cf.kurly.com/shop/data/goods/152904401693l0.jpg,[스미후루] 순 유기농 바나나 750g,자연이 준 순수한 달콤함 (1봉/750g),3900,,
4,https://img-cf.kurly.com/shop/data/goods/1559118586354l0.jpg,[유가원] 유기농 호두 120g,건강하게 즐기는 담백한 유기농 호두 120g,11500,,
4,https://img-cf.kurly.com/shop/data/goods/1590976306361l0.jpg,[스톤릿지] 유기농 건베리류 4종,미국 유기농 인증을 받은 건강한 건과일!,7500,,
4,https://img-cf.kurly.com/shop/data/goods/1616657157760l0.jpg,[유가원] 데일리 믹스넛츠 (더 레드) 2종,하루에 한 번, 고소한 에너지,12600,,
4,https://img-cf.kurly.com/shop/data/goods/1554964202249l0.jpg,유기농 아보카도 400g (냉동),유기농으로 간편하게 즐기는 숲속의 버터(1봉/400g),9500,,
4,https://img-cf.kurly.com/shop/data/goods/1470791716500l0.jpg,무농약 마틸다 토마토 2kg,탄탄한 과육과 풍부한 과즙의 마틸다(캄파리) 토마토 (2kg/1박스),14480,,
4,https://img-cf.kurly.com/shop/data/goods/1554964499470l0.jpg,유기농 블루베리 700g (냉동),유기농으로 즐기는 동글동글 새콤한 매력(1봉/700g),12850,,
4,https://img-cf.kurly.com/shop/data/goods/1534152511158l0.jpg,[유가원] 유기농 건자두(푸룬) 170g,,8700,,
4,https://img-cf.kurly.com/shop/data/goods/1534233789317l0.jpg,[유가원] 유기농 데일리 믹스넛츠(더 블랙) 2종,카카오닙스를 더한 하루 견과 7입 / 30입,12600,,
4,https://img-cf.kurly.com/shop/data/goods/1562926182737l0.jpg,[유가원] 유기농 대추야자 220g,달콤한 건과일의 끝판왕, 유기농 대추야자 220g,9900,,
4,https://img-cf.kurly.com/shop/data/goods/1542878333644l0.jpg,[Dole] 유기농 바나나 500g,건강하게 즐기는 유기농 과일 (1팩/500g),2475,10.0,2750.0
4,https://img-cf.kurly.com/shop/data/goods/1554964643686l0.jpg,유기농 애플망고 700g (냉동),유기농으로 즐기는 새콤달콤 냉동 애플망고(700g/봉),10900,,
4,https://img-cf.kurly.com/shop/data/goods/1563778574656l0.jpg,무농약 캠벨포도 1팩,무농약으로 즐기는 새콤달콤 과즙(500g내외/1팩),12600,,
4,https://img-cf.kurly.com/shop/data/goods/1537251286659l0.jpg,[메이커스키친] 유기농 피스타치오 2종,고소한 유기농 건강간식,17000,,
4,https://img-cf.kurly.com/shop/data/goods/1559199655948l0.jpg,[유가원] 유기농 캐슈넛 190g,고소함에 부드러움을 더한 유기농 캐슈넛 190g,13900,,
4,https://img-cf.kurly.com/shop/data/goods/1573793103236l0.jpg,[유기샘] 유기농 밤칩 40g,바삭하고 단단한 감자칩같은 밤칩,5700,,
4,https://img-cf.kurly.com/shop/data/goods/1607326397678l0.jpg,[유가원] 유기농 피칸,고소하고 부드러운 영양 견과,9900,,
4,https://img-cf.kurly.com/shop/data/goods/1597384505691l0.jpg,[올프레쉬] 국산 무농약 바나나 1입,건강하게 자란 국산 바나나,2330,,
4,https://img-cf.kurly.com/shop/data/goods/1589778571433l0.jpg,친환경 대추방울토마토 500g,씹는 맛이 좋은 친환경 대추방울토마토 (1팩 500g),4480,,
5,https://img-cf.kurly.com/shop/data/goods/1622021760477l0.jpg,GAP 유명산지 머스크 멜론 1.6kg 내외,부드러운 달콤함과 풍부한 향,9900,,
5,https://img-cf.kurly.com/shop/data/goods/1600924465156l0.jpg,국산 깐밤 150g,간편하게 즐기는, 어디에나 잘 어울리는 요리 재료,7700,,
5,https://img-cf.kurly.com/shop/data/goods/1624412392475l0.jpg,[타미나] 워싱턴 생체리 500g 10row,알알이 붉은 다이아몬드의 새콤달콤한 유혹,9950,,
5,https://img-cf.kurly.com/shop/data/goods/1594100973303l0.jpg,대석 자두 1.2kg,무르익은 계절의 새콤달콤함,9400,,
5,https://img-cf.kurly.com/shop/data/goods/1575960072000_l.jpg,GAP 세지 멜론 1.8kg,신선하고 달콤한 나주의 명물,14360,,
5,https://img-cf.kurly.com/shop/data/goods/1589782672297l0.jpg,[만나] 워싱턴 생체리 700g 10row,붉은 다이아몬드의 달콤한 유혹 (700g/1팩),14900,,
5,https://img-cf.kurly.com/shop/data/goods/1586827970864l0.jpg,저탄소 GAP 스테비 참외 4입 1.2kg,땅의 힘으로 끌어 올린 아삭 달콤함,12900,,
5,https://img-cf.kurly.com/shop/data/goods/1617775254831l0.jpg,작지만 나도 성주 참외 2kg,작지만 알차게 차오른 달콤함,10710,,
5,https://img-cf.kurly.com/shop/data/goods/1592806086299l0.jpg,GAP 천도복숭아 1.5kg,매끈한 껍질 속 아삭한 과육,9990,,
5,https://img-cf.kurly.com/shop/data/goods/1591850934334l0.jpg,[에이플] GAP 샤인머스캇 포도 1.5kg 1box,오감만족 연둣빛 포도의 매력,56700,,
5,https://img-cf.kurly.com/shop/data/goods/1562641371538l0.jpg,저탄소 GAP 스테비 자두 2kg,풍성하게 만나는 새콤달콤함,18800,,
5,https://img-cf.kurly.com/shop/data/goods/1617328233185l0.jpg,GAP 실속 꼬마 참외 5~6입,작지만 당도로 꽉찬 맛있는 참외 (1봉 5~6입 900g 내외),7990,,
5,https://img-cf.kurly.com/shop/data/goods/1583213637394l0.jpg,실속 성주 참외 1.5kg,달콤한 성주 참외(4~7입/봉),9900,,
5,https://img-cf.kurly.com/shop/data/goods/1580708251742l0.jpg,저탄소 GAP 성주 봉지참외 1개,시원하고 아삭한 황금빛 성주 참외(1입/1봉),1930,,
5,https://img-cf.kurly.com/shop/data/goods/1463383662742l0.jpg,저탄소인증 GAP 성주참외 4입,노란빛의 달콤한 매력(1봉 4입/1kg이상),9900,,
5,https://img-cf.kurly.com/shop/data/goods/1588728006690l0.jpg,제주산 애플망고 1입 (470g내외),달콤한 맛과 고급스러움의 대명사 제주산 애플망고!(1입/1박스),45000,,
5,https://img-cf.kurly.com/shop/data/goods/1493714320000_l.jpg,[올프레쉬] 머스크 멜론 1.7kg,부드러운 달콤함과 풍부한 향,19900,,
5,https://img-cf.kurly.com/shop/data/goods/1595829122571l0.jpg,상큼가득 캠벨포도 1팩 (500g내외),알알이 차오른 새콤달콤 여름 포도,9900,,
5,https://img-cf.kurly.com/shop/data/goods/1591844301629l0.jpg,[에이플] GAP 샤인머스캇 포도 500g 1팩,껍질째 즐기는 짙은 달콤함,23400,,
5,https://img-cf.kurly.com/shop/data/goods/1593592173804l0.jpg,저탄소 GAP 피오네 포도 2kg,입안에 꽉 차는 포도 한 알,38080,15.0,44800.0
5,https://img-cf.kurly.com/shop/data/goods/1597297876103l0.jpg,무농약 부드러운 황도 복숭아 1.8kg (5~8입),자연이 주는 노란빛 달콤함,27700,,
5,https://img-cf.kurly.com/shop/data/goods/1497423069200l0.jpg,대만산 애플망고 2입,사과 처럼 붉고 상큼한 애플망고(2입/1팩),14900,,
5,https://img-cf.kurly.com/shop/data/goods/1591844647165l0.jpg,[에이플] GAP 샤인머스캇 포도 2kg 1box,알알이 차오른 연둣빛 구슬,76500,,
5,https://img-cf.kurly.com/shop/data/goods/1590716056902l0.jpg,GAP 거봉포도 1박스(2kg),탐스럽게 번지는 굵직한 달콤함(2kg/1박스),38080,,
5,https://img-cf.kurly.com/shop/data/goods/1591609053808l0.jpg,미국산 워싱턴 생체리 300g 9.5row,9.5R사이즈로 큼지막하고 달콤한 붉은빛 보석(1팩/300g),6950,,
5,https://img-cf.kurly.com/shop/data/goods/1592213122388l0.jpg,태국 망고스틴 1망,과일의 여왕! (1망/500g 내외),7950,,
5,https://img-cf.kurly.com/shop/data/goods/1562318813669l0.jpg,[올프레쉬] 컷팅 수박 430g,혼자서도 간편하게 즐길 수 있는 수박,6900,,
5,https://img-cf.kurly.com/shop/data/goods/1587362177429l0.jpg,제주산 애플망고 2입 (600g내외),달콤한 제주산 애플망고(2입/1팩),43000,,
5,https://img-cf.kurly.com/shop/data/goods/159651182350l0.jpg,후무사 자두 1.2kg,과즙 속에 가득 담긴 새콤달콤한 여름,9400,,
5,https://img-cf.kurly.com/shop/data/goods/1591609131114l0.jpg,미국산 워싱턴 생체리 500g 10row,달콤함을 머금은 붉은 빛 보석,11900,,
5,https://img-cf.kurly.com/shop/data/goods/1592906805156l0.jpg,유명산지 천도복숭아 1.2kg,상쾌하고 아삭한 계절의 선물,7990,,
5,https://img-cf.kurly.com/shop/data/goods/1563778574656l0.jpg,무농약 캠벨포도 1팩,무농약으로 즐기는 새콤달콤 과즙(500g내외/1팩),12600,,
5,https://img-cf.kurly.com/shop/data/goods/1591066463877l0.jpg,미국산 워싱턴 생체리 9row 300g,9row 큰사이즈로 굵직하게 차오른 생체리 (300g/1팩),8900,,
5,https://img-cf.kurly.com/shop/data/goods/1563777423511l0.jpg,GAP 거봉포도 1팩,양손에 들어오는 아담한 거봉,11730,,
5,https://img-cf.kurly.com/shop/data/goods/1618391873136l0.jpg,무농약 성주 참외 1.2kg (4~7입),알알이 가득 찬 맑은 달콤함,14900,,
5,https://img-cf.kurly.com/shop/data/goods/1600327896210l0.jpg,저탄소 GAP 우리집 샤인머스켓 1팩,농부가 숨겨뒀던 진짜 달콤함,19900,,
6,https://img-cf.kurly.com/shop/data/goods/1518057102129l0.jpg,무농약 토마토 1kg,친환경으로 재배한 무농약 토마토 (1kg),6980,,
6,https://img-cf.kurly.com/shop/data/goods/1470791759961l0.jpg,게르마늄 무농약 컬러 방울토마토 500g,톡톡튀는 컬러만큼 달고 맛있는 컬러 방울토마토,6980,,
6,https://img-cf.kurly.com/shop/data/goods/1469670549322l0.jpg,[해말린] 야자대추 180g(냉장),입이 즐거운 간식,6900,,
6,https://img-cf.kurly.com/shop/data/goods/1619583502735l0.jpg,제주산 애플망고 3입,황금빛 과육이 품은 남다른 달콤함,79900,,
6,https://img-cf.kurly.com/shop/data/goods/151902380965l0.jpg,무농약 흑토마토 700g,영양소 충전에 좋은 검붉은 과채류 (1팩/700g),5200,,
6,https://img-cf.kurly.com/shop/data/goods/1555379225727l0.jpg,GAP 씻어나온 사과 2종,껍질째 바로 먹는 간편한 GAP 인증 사과 2종(중소과/중과),1980,,
6,https://img-cf.kurly.com/shop/data/goods/1622021760477l0.jpg,GAP 유명산지 머스크 멜론 1.6kg 내외,부드러운 달콤함과 풍부한 향,9900,,
6,https://img-cf.kurly.com/shop/data/goods/1526434703546l0.jpg,유명산지 수박 6kg 이상,수분가득 달콤한 제철 수박,19800,,
6,https://img-cf.kurly.com/shop/data/goods/1600924465156l0.jpg,국산 깐밤 150g,간편하게 즐기는, 어디에나 잘 어울리는 요리 재료,7700,,
6,https://img-cf.kurly.com/shop/data/goods/1593479887943l0.jpg,무농약 머스크 멜론 2kg,건강하게 달달한 남원 무농약 어얼스 머스크 멜론,12900,,
6,https://img-cf.kurly.com/shop/data/goods/1594100973303l0.jpg,대석 자두 1.2kg,무르익은 계절의 새콤달콤함,9400,,
6,https://img-cf.kurly.com/shop/data/goods/1575960072000_l.jpg,GAP 세지 멜론 1.8kg,신선하고 달콤한 나주의 명물,14360,,
6,https://img-cf.kurly.com/shop/data/goods/1586827970864l0.jpg,저탄소 GAP 스테비 참외 4입 1.2kg,땅의 힘으로 끌어 올린 아삭 달콤함,12900,,
6,https://img-cf.kurly.com/shop/data/goods/160929546735l0.jpg,완숙토마토 1kg,탐스럽게 익은 붉은 빛 토마토,5580,,
6,https://img-cf.kurly.com/shop/data/goods/1617775254831l0.jpg,작지만 나도 성주 참외 2kg,작지만 알차게 차오른 달콤함,10710,,
6,https://img-cf.kurly.com/shop/data/goods/1593751693106l0.jpg,상큼가득 캠벨포도 1kg 박스,잘 숙성된 포도향과 부드러운 신맛(1kg/1박스),12900,,
6,https://img-cf.kurly.com/shop/data/goods/1536573310355l0.jpg,대추방울토마토 500g,몸에도 좋고 맛도 좋은 대추방울토마토 500g,3980,,
6,https://img-cf.kurly.com/shop/data/goods/1624857655953l0.jpg,작지만 편할 수박에 1/8통,혼자서도 부담 없는 소용량 수박,4464,7.0,4800.0
6,https://img-cf.kurly.com/shop/data/goods/1574996021664l0.jpg,청도 반건시 6입 (냉동),곶감과 홍시의 매력을 둘 다 가지고 있는 청도 반건시,8359,,
6,https://img-cf.kurly.com/shop/data/goods/1563171580973l0.jpg,GAP 씨없는 수박 6kg 이상,씨가없어 편리하게 즐기는 달콤한 수박,19800,,
6,https://img-cf.kurly.com/shop/data/goods/1609222063151l0.jpg,GAP 칼라 대추 방울토마토 750g,한 입에 쏙 넣는 알록달록 칼라대추 방울토마토(750g/1팩),7900,,
6,https://img-cf.kurly.com/shop/data/goods/1620364005432l0.jpg,신고배 1입,신선하게 즐기는 달콤한 과즙,4480,,
6,https://img-cf.kurly.com/shop/data/goods/1608192758657l0.jpg,GAP 스카이볼 토마토 1kg,과육이 단단한 단일 품종 완숙 토마토,5780,,
6,https://img-cf.kurly.com/shop/data/goods/1592806086299l0.jpg,GAP 천도복숭아 1.5kg,매끈한 껍질 속 아삭한 과육,9990,,
6,https://img-cf.kurly.com/shop/data/goods/1617331636278l0.jpg,[fruit salon] 간편 컷팅과일 (중),넉넉히 맛보는 6가지 과일,4990,,
6,https://img-cf.kurly.com/shop/data/goods/1591850934334l0.jpg,[에이플] GAP 샤인머스캇 포도 1.5kg 1box,오감만족 연둣빛 포도의 매력,56700,,
6,https://img-cf.kurly.com/shop/data/goods/1562641371538l0.jpg,저탄소 GAP 스테비 자두 2kg,풍성하게 만나는 새콤달콤함,18800,,
6,https://img-cf.kurly.com/shop/data/goods/1617328233185l0.jpg,GAP 실속 꼬마 참외 5~6입,작지만 당도로 꽉찬 맛있는 참외 (1봉 5~6입 900g 내외),7990,,
6,https://img-cf.kurly.com/shop/data/goods/1583213637394l0.jpg,실속 성주 참외 1.5kg,달콤한 성주 참외(4~7입/봉),9900,,
6,https://img-cf.kurly.com/shop/data/goods/1580708251742l0.jpg,저탄소 GAP 성주 봉지참외 1개,시원하고 아삭한 황금빛 성주 참외(1입/1봉),1930,,
6,https://img-cf.kurly.com/shop/data/goods/1611643003836l0.jpg,[fruit salon] 사과 300g,간편하게 드실수 있도록 컷팅된 사과(300g/1팩),2990,,
6,https://img-cf.kurly.com/shop/data/goods/1463383662742l0.jpg,저탄소인증 GAP 성주참외 4입,노란빛의 달콤한 매력(1봉 4입/1kg이상),9900,,
6,https://img-cf.kurly.com/shop/data/goods/1588728006690l0.jpg,제주산 애플망고 1입 (470g내외),달콤한 맛과 고급스러움의 대명사 제주산 애플망고!(1입/1박스),45000,,
6,https://img-cf.kurly.com/shop/data/goods/1493714320000_l.jpg,[올프레쉬] 머스크 멜론 1.7kg,부드러운 달콤함과 풍부한 향,19900,,
6,https://img-cf.kurly.com/shop/data/goods/1611643209422l0.jpg,[fruit salon] 5 in 1 과일도시락 360g,다양한 과일을 간편하게(360g/1팩),4240,,
6,https://img-cf.kurly.com/shop/data/goods/1595829122571l0.jpg,상큼가득 캠벨포도 1팩 (500g내외),알알이 차오른 새콤달콤 여름 포도,9900,,
6,https://img-cf.kurly.com/shop/data/goods/1615535108201l0.jpg,[귤림원] 당도선별 GAP 하우스 감귤 500g,기분 좋은 주황빛 달콤함,6880,,
6,https://img-cf.kurly.com/shop/data/goods/1591844301629l0.jpg,[에이플] GAP 샤인머스캇 포도 500g 1팩,껍질째 즐기는 짙은 달콤함,23400,,
6,https://img-cf.kurly.com/shop/data/goods/1588812832688l0.jpg,[홍쌍리] 청매실절임 430g,아삭한 식감과 새콤한 감칠맛이 가득,19000,,
6,https://img-cf.kurly.com/shop/data/goods/1593592173804l0.jpg,저탄소 GAP 피오네 포도 2kg,입안에 꽉 차는 포도 한 알,38080,15.0,44800.0
6,https://img-cf.kurly.com/shop/data/goods/1597297876103l0.jpg,무농약 부드러운 황도 복숭아 1.8kg (5~8입),자연이 주는 노란빛 달콤함,27700,,
6,https://img-cf.kurly.com/shop/data/goods/1623725520501l0.jpg,살구 500g (특),남다른 크기의 주황빛 달콤함,8800,,
6,https://img-cf.kurly.com/shop/data/goods/1590458021353l0.jpg,GAP 방울토마토 300g,한입에 쏙 맛보는 싱그러움,2480,,
6,https://img-cf.kurly.com/shop/data/goods/1541990016325l0.jpg,GAP 방울토마토 500g,작은 크기 속 풍부한 맛 (1팩/500g),3580,,
6,https://img-cf.kurly.com/shop/data/goods/1591844647165l0.jpg,[에이플] GAP 샤인머스캇 포도 2kg 1box,알알이 차오른 연둣빛 구슬,76500,,
6,https://img-cf.kurly.com/shop/data/goods/1590716056902l0.jpg,GAP 거봉포도 1박스(2kg),탐스럽게 번지는 굵직한 달콤함(2kg/1박스),38080,,
6,https://img-cf.kurly.com/shop/data/goods/1585040500301l0.jpg,[KF365] GAP 실속 사과 1.5kg (5~8입),믿고 먹을 수 있는 상품을 합리적인 가격에, KF365 과일!,9800,,
6,https://img-cf.kurly.com/shop/data/goods/15930704032l0.jpg,하우스 감귤 500g,얇은 껍질 속 달콤한 과즙,7700,,
6,https://img-cf.kurly.com/shop/data/goods/1590126507808l0.jpg,[올프레쉬] 컷팅 메론 (소) 130g,부담 없이 즐기는 달콤함,4950,,
6,https://img-cf.kurly.com/shop/data/goods/1563267847207l0.jpg,저탄소 GAP 스테비 황도 복숭아 2kg,달콤한 과즙을 풍성하게 머금은,17900,,
6,https://img-cf.kurly.com/shop/data/goods/1590126653576l0.jpg,[올프레쉬] 컷팅 메론 (대) 330g,뚜껑만 열어 바로 먹는 간편 멜론,9950,,
6,https://img-cf.kurly.com/shop/data/goods/1608706105254l0.jpg,찰토마토 1.2kg(6~10입),부드러운 식감에 건강한 맛(1.2kg/1팩),7980,,
6,https://img-cf.kurly.com/shop/data/goods/1609303083272l0.jpg,[KF365] 대추방울토마토 750g,믿고 먹을 수 있는 상품을 합리적인 가격에, KF365,4200,,
6,https://img-cf.kurly.com/shop/data/goods/1620364190956l0.jpg,강원도 찰토마토 2kg/팩,탄탄하고 싱그러운 과육,8980,,
6,https://img-cf.kurly.com/shop/data/goods/1617331435965l0.jpg,[fruit salon] 간편 컷팅과일 (소),손쉽게 즐기는 5가지 과일,2490,,
6,https://img-cf.kurly.com/shop/data/goods/1599833368461l0.jpg,실속 배 3~4입,그냥 먹어도, 요리에 넣어도 맛있는 시원달달한 배(3~4입/봉),17800,,
6,https://img-cf.kurly.com/shop/data/goods/160092810490l0.jpg,GAP 사과 한봉지 5~6입,부담 없이 즐길 수 있는 맛있는 작은 햇사과 (부사, 1봉/5~6입/900g내외),7980,,
6,https://img-cf.kurly.com/shop/data/goods/1562318813669l0.jpg,[올프레쉬] 컷팅 수박 430g,혼자서도 간편하게 즐길 수 있는 수박,6900,,
6,https://img-cf.kurly.com/shop/data/goods/1590126417422l0.jpg,[올프레쉬] 컷팅과일 (대) 300g,간편하게 나누는 달콤함,7250,,
6,https://img-cf.kurly.com/shop/data/goods/1561706777491l0.jpg,유명산지 수박 8kg 이상,수분 가득 달콤한 수박,21800,,
6,https://img-cf.kurly.com/shop/data/goods/1587362177429l0.jpg,제주산 애플망고 2입 (600g내외),달콤한 제주산 애플망고(2입/1팩),43000,,
6,https://img-cf.kurly.com/shop/data/goods/160923079018l0.jpg,머스크멜론 1.2kg,부드러운 식감에 달콤한 과육(1.2kg/1통),6390,,
6,https://img-cf.kurly.com/shop/data/goods/1470791716500l0.jpg,무농약 마틸다 토마토 2kg,탄탄한 과육과 풍부한 과즙의 마틸다(캄파리) 토마토 (2kg/1박스),14480,,
6,https://img-cf.kurly.com/shop/data/goods/1536631691267l0.jpg,[KF365] 방울토마토 500g,믿고 먹을 수 있는 상품을 합리적인 가격에, KF365,3200,,
6,https://img-cf.kurly.com/shop/data/goods/159651182350l0.jpg,후무사 자두 1.2kg,과즙 속에 가득 담긴 새콤달콤한 여름,9400,,
6,https://img-cf.kurly.com/shop/data/goods/1592906805156l0.jpg,유명산지 천도복숭아 1.2kg,상쾌하고 아삭한 계절의 선물,7990,,
6,https://img-cf.kurly.com/shop/data/goods/1589789065992l0.jpg,[홍쌍리] 청매실 감로매 350g,아삭아삭한 청매실 감로매(350g/1봉),8000,,
6,https://img-cf.kurly.com/shop/data/goods/1623725275864l0.jpg,GAP 살구 300g,향긋함이 스며든 주황빛 매력,5990,,
6,https://img-cf.kurly.com/shop/data/goods/1526618313000_l.jpg,유명산지 수박 7kg 이상,수분 가득 달콤한 수박,20800,,
6,https://img-cf.kurly.com/shop/data/goods/1605686952967l0.jpg,[에이플] GAP 조각 샤인머스켓 포도 500g,톡톡 떼어 먹는 연둣빛 달콤함,17820,,
6,https://img-cf.kurly.com/shop/data/goods/158433728046l0.jpg,GAP 대추방울토마토 1kg,한입에 톡 터지는 상큼함,9950,,
6,https://img-cf.kurly.com/shop/data/goods/1589789198139l0.jpg,[홍쌍리] 청매실 정과 1kg,곶감같은 부드러운 식감의 정과(1kg/1봉),15000,,
6,https://img-cf.kurly.com/shop/data/goods/1594959944381l0.jpg,저탄소 GAP 후무사 자두 900g,새콤달콤한 자두의 대명사,9400,,
6,https://img-cf.kurly.com/shop/data/goods/1590126232760l0.jpg,[올프레쉬] 컷팅과일 (소) 145g,깔끔하게 손질해서 담은,3750,,
6,https://img-cf.kurly.com/shop/data/goods/1621842566799l0.jpg,제주 하우스 감귤 2종,상큼하게 즐기는 주황빛 과육,11800,,
6,https://img-cf.kurly.com/shop/data/goods/1536630959516l0.jpg,[KF365] 완숙토마토 2kg,믿고 먹을 수 있는 상품을 합리적인 가격에, KF365,8500,,
6,https://img-cf.kurly.com/shop/data/goods/1592812956809l0.jpg,샤인마토 500g,설탕 없이도 달달함을 머금은 방울토마토,7980,,
6,https://img-cf.kurly.com/shop/data/goods/1563778574656l0.jpg,무농약 캠벨포도 1팩,무농약으로 즐기는 새콤달콤 과즙(500g내외/1팩),12600,,
6,https://img-cf.kurly.com/shop/data/goods/1624857531634l0.jpg,통이 크니 자를 수박에 1/4통,부담 없이 즐기는 실속 수박,7800,,
6,https://img-cf.kurly.com/shop/data/goods/1615535777447l0.jpg,[귤림원] 당도선별 GAP 하우스 감귤 1kg,기분 좋은 주황빛 달콤함,10620,,
6,https://img-cf.kurly.com/shop/data/goods/1589421787532l0.jpg,GAP 하우스 감귤 2종,상큼한 맛 채운 제주의 과일,8480,,
6,https://img-cf.kurly.com/shop/data/goods/1620362952958l0.jpg,흑토마토 750g/팩,탄탄한 과육에 담긴 풍부한 영양,5780,,
6,https://img-cf.kurly.com/shop/data/goods/1619511821983l0.jpg,맛있는 하우스 수박 2종,드디어 다가온 수박의 계절 (6kg/7kg 이상),17900,,
6,https://img-cf.kurly.com/shop/data/goods/1597384505691l0.jpg,[올프레쉬] 국산 무농약 바나나 1입,건강하게 자란 국산 바나나,2330,,
6,https://img-cf.kurly.com/shop/data/goods/1609222311740l0.jpg,GAP 마초 칼라 토마토 1KG,색색의 즐거움이 가득한 마초토마토 (1kg/1팩),7980,,
6,https://img-cf.kurly.com/shop/data/goods/1590457233301l0.jpg,완숙토마토 2입,탐스럽게 익은 레드푸드 (2입 360g 내외),2300,,
6,https://img-cf.kurly.com/shop/data/goods/1563777423511l0.jpg,GAP 거봉포도 1팩,양손에 들어오는 아담한 거봉,11730,,
6,https://img-cf.kurly.com/shop/data/goods/1589778571433l0.jpg,친환경 대추방울토마토 500g,씹는 맛이 좋은 친환경 대추방울토마토 (1팩 500g),4480,,
6,https://img-cf.kurly.com/shop/data/goods/1618391873136l0.jpg,무농약 성주 참외 1.2kg (4~7입),알알이 가득 찬 맑은 달콤함,14900,,
6,https://img-cf.kurly.com/shop/data/goods/1586158445830l0.jpg,유명산지 수박 5kg 이상,수분가득 달콤한 수박,16800,,
6,https://img-cf.kurly.com/shop/data/goods/1601009291177l0.jpg,저탄소 GAP 사과 2.5kg (8~12입),아삭하고 달콤한 매일의 사과,21900,,
7,https://img-cf.kurly.com/shop/data/goods/1529550297510l0.jpg,[삼삼해물] 왕 바지락 1kg,껍질부터 우월한 거제도 조개,9300,,
7,https://img-cf.kurly.com/shop/data/goods/162269979532l0.jpg,[바븐] 국산 손질 오징어 400g 내외(냉장),손질 없이 바로 조리하는 오징어,9900,,
7,https://img-cf.kurly.com/shop/data/goods/1598244286338l0.jpg,[이호] 제주생물갈치 250g내외(생물),반찬 고민될 때,12000,,
7,https://img-cf.kurly.com/shop/data/goods/1585111378492l0.jpg,[윤슬] 자연산 남해안 바지락(대) 800g(생물),큼직하고 통통하게 여문 속살,11000,,
7,https://img-cf.kurly.com/shop/data/goods/1599536627801l0.jpg,[이호] 제주생물갈치 300g 내외(생물),바다에서 온 부드러운 감칠맛,14155,5.0,14900.0
7,https://img-cf.kurly.com/shop/data/goods/1592456505331l0.jpg,[바븐] 완도 전복 (3마리/260g 내외)(생물),신선하게 즐기는 전복,13875,25.0,18500.0
7,https://img-cf.kurly.com/shop/data/goods/1579248047444l0.jpg,[삼삼물산] 통영 손질 덕자병어,귀하게 여긴 부드러운 맛,19300,,
7,https://img-cf.kurly.com/shop/data/goods/1542941699773l0.jpg,[중앙씨푸드] 동죽조개 200g 내외(냉장),맑고 시원한 국물이 진국,3700,,
7,https://img-cf.kurly.com/shop/data/goods/1616986930887l0.jpg,[이호] 국산 자반 고등어 450g(냉장, 2미),손쉽게 조리하는 자반 고등어,7900,,
7,https://img-cf.kurly.com/shop/data/goods/1600058823338l0.jpg,[이호] 제주 생물갈치 400g(생물),신선한 은빛을 자랑하는,29000,,
7,https://img-cf.kurly.com/shop/data/goods/1594796446644l0.jpg,[바븐] 자연산 전복(170g 내외)(예약일 수령, 생물),바다가 허락한 특별함,30000,,
7,https://img-cf.kurly.com/shop/data/goods/1582882143855l0.jpg,[삼삼해물] 왕 바지락 2종 (냉장),껍질부터 우월한 거제도 조개,5800,,
7,https://img-cf.kurly.com/shop/data/goods/161345301859l0.jpg,[바븐] 순살 전복 슬라이스 200g(냉동),한입 크기로 썰어낸 전복,20750,17.0,25000.0
7,https://img-cf.kurly.com/shop/data/goods/161345290794l0.jpg,[바븐] 순살 칼집 전복 200g(냉동),간편하게 조리하는 순살 전복,20750,17.0,25000.0
7,https://img-cf.kurly.com/shop/data/goods/1542940394796l0.jpg,[중앙씨푸드] 모시조개 200g 내외(냉장),빛깔 좋고 맛 좋은 우아한 조개,4700,,
7,https://img-cf.kurly.com/shop/data/goods/1594102483339l0.jpg,[바븐] 완도 전복 (3마리/300g 내외)(생물),맛도 크기도 특별한,17250,25.0,23000.0
7,https://img-cf.kurly.com/shop/data/goods/1623301187333l0.jpg,[바븐] 국산 참소라 500g 내외(생물),신선함을 담은 쫄깃한 소라,13900,,
7,https://img-cf.kurly.com/shop/data/goods/1595301039365l0.jpg,[우주_산지항공직송] 제주 손질 생물갈치(특) 380g 내외,더 편하게 즐기는 제주 미식여행,41800,5.0,44000.0
7,https://img-cf.kurly.com/shop/data/goods/1594102611872l0.jpg,[바븐] 완도 전복 (5마리/200g 내외)(생물),다양한 요리로 즐기는,7150,35.0,11000.0
7,https://img-cf.kurly.com/shop/data/goods/1606453875971l0.jpg,[윤슬] 모시조개 500g내외(생물),근사한 요리를 위한 쫄깃 담백함,11000,,
7,https://img-cf.kurly.com/shop/data/goods/1600664641759l0.jpg,[이호] 생물 스테이크용 삼치 300g내외(생물),도톰한 두께로 즐기는 담백함,9900,,
7,https://img-cf.kurly.com/shop/data/goods/1591679368159l0.jpg,[바븐] 완도 전복 (5마리/260g 내외) (생물),완도 바다에서 갓 건져올린,9750,35.0,15000.0
7,https://img-cf.kurly.com/shop/data/goods/1588733365870l0.jpg,[우주_산지항공직송] 제주 생물 통갈치(특) 500g 내외,눈부신 은빛을 전하는 신선함,31000,,
7,https://img-cf.kurly.com/shop/data/goods/1613538785508l0.jpg,[삼삼물산] 자연산 손질 바다장어 350g (생물),청정 바다에서 어획한 자연산 장어,15215,15.0,17900.0
7,https://img-cf.kurly.com/shop/data/goods/1616988088948l0.jpg,[이호] 바지락 1kg내외(생물),감칠맛이 돋보이는 국산 바지락,8400,,
7,https://img-cf.kurly.com/shop/data/goods/1579245034865l0.jpg,[삼삼물산] 통영 손질 참병어,세심한 손질로 부드러운 맛을 살린,10355,5.0,10900.0
7,https://img-cf.kurly.com/shop/data/goods/158873314837l0.jpg,[우주_산지항공직송] 제주 생물 통갈치(특대) 750g 내외,잊지 못할 제주의 맛,59900,,
7,https://img-cf.kurly.com/shop/data/goods/1614065180670l0.jpg,[바븐] 대용량 완도 전복 (7~9마리/500g 내외)(생물),넉넉하게 담은 대용량 구성,19750,21.0,25000.0
7,https://img-cf.kurly.com/shop/data/goods/1605851098287l0.jpg,[삼삼해물] 바지락 500g(냉장),자연스러운 감칠맛을 더하는 재료,4557,7.0,4900.0
7,https://img-cf.kurly.com/shop/data/goods/1622701066861l0.jpg,[바븐] 국산 황돔 400g 내외(생물),청정한 속초 바다에서 온 황돔,12900,,
7,https://img-cf.kurly.com/shop/data/goods/1613540593595l0.jpg,[삼삼물산] 국내산 손질 민물장어 240g (생물),통으로 요리하는 손질 장어,18700,15.0,22000.0
7,https://img-cf.kurly.com/shop/data/goods/1594705985895l0.jpg,[양포어장] 당일손질 생물오징어 270g 내외 (생물),귀한 국내산 오징어를 신선하게,12000,,
7,https://img-cf.kurly.com/shop/data/goods/1580867072211l0.jpg,[바븐] 깨끗하게 손질된 오징어 두마리(생물),손질이 필요 없는 신선 오징어,14900,,
7,https://img-cf.kurly.com/shop/data/goods/1595300874943l0.jpg,[우주_산지항공직송] 제주 손질 생물갈치(대) 330g 내외,집에서 즐기는 제주의 맛,35000,,
8,https://img-cf.kurly.com/shop/data/goods/1463994351328l0.jpg,[쌜모네키친] 오로라 생연어 (냉장),집에서 프로처럼 연어회 즐기기,14000,,
8,https://img-cf.kurly.com/shop/data/goods/1513651162951l0.jpg,냉동 [제주창해수산] 제주 고등어살 160~180g / 1쪽_국내산,제주 남단 청정 바다에서 건져올린 제주 고등어,3200,,
8,https://img-cf.kurly.com/shop/data/goods/1600048862837l0.jpg,[쌜모네키친] 오로라 그라브락스 연어 200g,,16500,,
8,https://img-cf.kurly.com/shop/data/goods/149213558525l0.jpg,Hallo! 노르웨이 고등어,오일 없이 구워도 촉촉하고 고소한 맛!,3500,,
8,https://img-cf.kurly.com/shop/data/goods/1555057595776l0.jpg,[CHAM] 노르웨이 고등어 3개 묶음 500g(냉동),짭조름한 일품 밥반찬,6200,,
8,https://img-cf.kurly.com/shop/data/goods/1525827652343l0.jpg,[쌜모네키친] 연어 스테이크,빛 발하는 근사한 존재감,9900,,
8,https://img-cf.kurly.com/shop/data/goods/1510126109662l0.jpg,[제주창해수산] 삼치 400-500g(냉동),푸짐하고 고소한 속살,8900,,
8,https://img-cf.kurly.com/shop/data/goods/1616979116245l0.jpg,[마켓컬리] 동태살,담백한 흰살생선,4100,,
8,https://img-cf.kurly.com/shop/data/goods/150181331989l0.jpg,다짐 대구살 80g(냉동),우리 아이 첫 생선,9900,,
8,https://img-cf.kurly.com/shop/data/goods/1501813229349l0.jpg,다짐 대게살 80g(냉동),풍부한 단백질과 부드러운 식감,6900,,
8,https://img-cf.kurly.com/shop/data/goods/1501813258357l0.jpg,다짐 새우살 80g(냉동),내장을 빼고 깨끗하게 손질한 다짐 새우살,7900,,
8,https://img-cf.kurly.com/shop/data/goods/1521078119921l0.jpg,다짐 짜지 않은 멸치 80g(냉동),곱게 다져 부드러운 멸치,5200,,
8,https://img-cf.kurly.com/shop/data/goods/1488966896887l0.jpg,[앤쿡] 컴팩트 고등어 & 삼치(냉동),자신감 생기는 생선 요리,15900,,
8,https://img-cf.kurly.com/shop/data/goods/1521082404336l0.jpg,다짐 연어살 80g(냉동),국내산 연어를 부드럽고 깨끗하게 다진,5900,,
8,https://img-cf.kurly.com/shop/data/goods/1476980983777l0.jpg,노르웨이 순살 고등어 300g(냉동),한번에 한 개씩 먹는 고등어,8500,,
8,https://img-cf.kurly.com/shop/data/goods/159825843566l0.jpg,가시없는 삼치 350g(냉동),간편하게 완료성하는 생선 요리,9900,,
8,https://img-cf.kurly.com/shop/data/goods/1511257118305l0.jpg,황금 굴비 (부세) 250g 내외 (냉동),맛도 황금, 크기도 황금,9900,,
8,https://img-cf.kurly.com/shop/data/goods/1510708692609l0.jpg,[제주창해수산] 제주 옥돔 250~290g(냉동),제주의 해풍을 맞아 더욱 고소해진 참옥돔,39000,,
8,https://img-cf.kurly.com/shop/data/goods/152040124971l0.jpg,[어부네] 손질 아귀,초보요리사도 걱정 없는 아귀 요리,12665,15.0,14900.0
8,https://img-cf.kurly.com/shop/data/goods/1504622495890l0.jpg,[황금회] 연어회 (냉장),담백함이 살아있는 숙성 연어 회 (300g),19900,,
8,https://img-cf.kurly.com/shop/data/goods/1504622879483l0.jpg,[황금회] 광어 & 연어 회(냉장),한 번에 맛보는 두 가지 숙성회 (300g),22900,,
8,https://img-cf.kurly.com/shop/data/goods/1504622033499l0.jpg,[황금회] 광어회 (냉장),감칠 맛이 살아있는 숙성 광어 회 (300g),24900,,
8,https://img-cf.kurly.com/shop/data/goods/1597719235899l0.jpg,ASC인증 기장산 숙성미역,신선함과 꼬들함이 살아있는,29000,,
8,https://img-cf.kurly.com/shop/data/goods/1576661658205l0.jpg,[법성포참맛] 프리미엄 굴비 오가세트 0.9kg,굴비의 깊은 참맛,99000,,
8,https://img-cf.kurly.com/shop/data/goods/1597395254209l0.jpg,[법성포참맛] 프리미엄 굴비 오가세트 2.0kg,선물세 품격을 더하는 영광 굴비,640000,,
8,https://img-cf.kurly.com/shop/data/goods/1618548038861l0.jpg,김수미 황금박대 180g(냉동),부드럽고 고소한 맛이 일품,16900,,
8,https://img-cf.kurly.com/shop/data/goods/1618549508348l0.jpg,[Ozen] 훈제연어 슬라이스(오리지널) 180g(냉장),고소하게 퍼지는 훈연향,15000,,
8,https://img-cf.kurly.com/shop/data/goods/1618549909350l0.jpg,[Ozen] 훈제연어 슬라이스(허브딜) 180g(냉장),허브와 훈연향의 향긋한 조화,15000,,
8,https://img-cf.kurly.com/shop/data/goods/1585721485465l0.jpg,[Easy Cook] 오늘은 노르웨이 홍어회 (날개) 100g(냉장),혼자서도 부담없는 숙성 홍어회,6900,,
8,https://img-cf.kurly.com/shop/data/goods/1598244286338l0.jpg,[이호] 제주생물갈치 250g내외(생물),반찬 고민될 때,12000,,
8,https://img-cf.kurly.com/shop/data/goods/155289688836l0.jpg,대구살 400g(냉동),두루두루 요긴한 흰살 생선,10600,,
8,https://img-cf.kurly.com/shop/data/goods/1614154682210l0.jpg,순살 생선 3종 (냉동),깔끔하게 손질해 안심하고 사용하는,7300,,
8,https://img-cf.kurly.com/shop/data/goods/1530495950287l0.jpg,[심플리웨스트코스트] 캐나다 자연산 홍연어 필렛 454g(냉동),붉은빛 담백한 영양이 가득!,49000,,
8,https://img-cf.kurly.com/shop/data/goods/1587016869275l0.jpg,[법성포참맛] 찜부세 보리굴비(대/180g)(냉동),없던 입맛도 살리는 밥도둑,11000,,
8,https://img-cf.kurly.com/shop/data/goods/1580715771877l0.jpg,Hallo! 노르웨이 고등어 (3개입),두고 먹기 좋은 기획 세트,8300,,
8,https://img-cf.kurly.com/shop/data/goods/1593485071592l0.jpg,냉동 [제주창해수산] 제주 고등어살 180g(특대)_국내산,제주에서 낚은 푸른 영양,3900,,
8,https://img-cf.kurly.com/shop/data/goods/1589522874236l0.jpg,냉동 [우주] 참조기 2마리(240g)(냉동)_국내산,입맛 살려주는 귀한 생선,18900,,
8,https://img-cf.kurly.com/shop/data/goods/1585889556996l0.jpg,냉동 [우주] 은빛 제1주 통갈치 (대) 330g 내외(냉동),한 마리를 통째로 담은 손질 갈치,16200,,
8,https://img-cf.kurly.com/shop/data/goods/1580705605283l0.jpg,냉동 [법성포참맛] 대용량 영광굴비 1.2kg(20마리) (냉동)_국내산,푸짐히 맛보는 영광굴비의 참맛,26500,,
8,https://img-cf.kurly.com/shop/data/goods/1587016768315l0.jpg,[법성포참맛] 찜부세 보리굴비(중/160g)(냉동),천일염이 만든 참맛,9900,,
8,https://img-cf.kurly.com/shop/data/goods/1585888980538l0.jpg,냉동 [우주] 은빛제주통갈치(특대) 600g 내외(냉동)_국내산,한 마리를 통째로 담은 손질 갈치,39900,,
8,https://img-cf.kurly.com/shop/data/goods/1576139101939l0.jpg,[어부네] 삼치 스테이크 2종(냉동),삼치의 재발견,8500,,
8,https://img-cf.kurly.com/shop/data/goods/1552895615767l0.jpg,네모 동태살 1kg(냉동),정갈한 동태전도 손쉽게 완성,12400,,
8,https://img-cf.kurly.com/shop/data/goods/1559616498971l0.jpg,어린이 순살 생선 3종(냉동),생선으로 시작하는 건강한 식습관,11900,,
8,https://img-cf.kurly.com/shop/data/goods/159002474596l0.jpg,냉동 [법성포참맛] 프리미엄 영광굴비 130g(냉동)_국내산,통통하게 차오른 감칠맛,20000,,
8,https://img-cf.kurly.com/shop/data/goods/1590657678962l0.jpg,[소중한식사] 양념 장어구이,마음 든든한 한 끼,14415,7.0,15500.0
8,https://img-cf.kurly.com/shop/data/goods/1620016141262l0.jpg,욕지도 생참치회 500g (예약일 수령),다양한 부위로 맛보는 감동,120000,,
8,https://img-cf.kurly.com/shop/data/goods/1580866726210l0.jpg,[바븐] 깨끗하게 손질된 생물 백가자미 1마리(생물),쫀쫀한 속살과 담백한 알의 조화,11000,,
8,https://img-cf.kurly.com/shop/data/goods/1524705895829l0.jpg,One-Frozen 노르웨이 고등어 2종 (2개입/3개입)(냉동),단 한 번의 냉동으로 감칠맛을 지킨,4500,,
8,https://img-cf.kurly.com/shop/data/goods/1599536627801l0.jpg,[이호] 제주생물갈치 300g 내외(생물),바다에서 온 부드러운 감칠맛,14155,5.0,14900.0
8,https://img-cf.kurly.com/shop/data/goods/1593411448186l0.jpg,[이호] 냉동 자숙 홍합살 200g(냉동),간단하게 더하는 진한 바다의 향기,5900,,
8,https://img-cf.kurly.com/shop/data/goods/1576219760820l0.jpg,[바비엔] 간편 고등어구이,간편히 즐기는 바다의 고소함,5900,,
8,https://img-cf.kurly.com/shop/data/goods/1582684094236l0.jpg,[비비고] 촉촉한 가자미 구이,편하게 맛보는 촉촉한 가자미,3480,,
8,https://img-cf.kurly.com/shop/data/goods/1585040612521l0.jpg,[은하수산] 도다리 세꼬시 150g,뼈째 즐기는 도다리,13000,,
8,https://img-cf.kurly.com/shop/data/goods/1569302007882l0.jpg,[어부네] 방어 스테이크 350~400g(냉동),등 푸른 생선의 고소함,13050,13.0,15000.0
8,https://img-cf.kurly.com/shop/data/goods/1589776340697l0.jpg,냉동 [우주] 백조기굴비 1kg(7~8마리)(냉동)_국내산,밥을 부르는 생선반찬,18500,,
8,https://img-cf.kurly.com/shop/data/goods/1592456505331l0.jpg,[바븐] 완도 전복 (3마리/260g 내외)(생물),신선하게 즐기는 전복,13875,25.0,18500.0
8,https://img-cf.kurly.com/shop/data/goods/1620971535878l0.jpg,[바른생선] 노르웨이 고등어 750g/5쪽(냉동),간편하게 조리하는 순살 고등어,10100,,
8,https://img-cf.kurly.com/shop/data/goods/1577759722327l0.jpg,냉동 [법성포참맛] 영광굴비 80g 내외 두마리(냉동)_국내산,특별한 식탁을 만들어줄 굴비,6500,,
8,https://img-cf.kurly.com/shop/data/goods/1579248047444l0.jpg,[삼삼물산] 통영 손질 덕자병어,귀하게 여긴 부드러운 맛,19300,,
8,https://img-cf.kurly.com/shop/data/goods/161397838094l0.jpg,[덕화명란] 조선명란 100g(냉동),발효 명란의 짭짤한 감칠맛,8415,15.0,9900.0
8,https://img-cf.kurly.com/shop/data/goods/1536731247392l0.jpg,[어부네] 민어 한마리 2종(냉동),요리하는 재미를 알려줄 고급 생선,21500,,
8,https://img-cf.kurly.com/shop/data/goods/1620975535408l0.jpg,[바른생선] 장문볼락살 110g(냉동),,2900,,
8,https://img-cf.kurly.com/shop/data/goods/1600665398350l0.jpg,[이호] 국산 생물 관자 슬라이스 150g내외(생물),야들야들 부드러운 한 점,13000,,
8,https://img-cf.kurly.com/shop/data/goods/1576817572148l0.jpg,[은하수산] MSC인증 홍어날개 300g(냉장),숙성 홍어회의 톡 쏘는 매력,21900,,
8,https://img-cf.kurly.com/shop/data/goods/1569377741575l0.jpg,[어부네] 참돔 스테이크 2종(냉동),간편하게 맛보는 탄력,10625,15.0,12500.0
8,https://img-cf.kurly.com/shop/data/goods/1583128536523l0.jpg,[우주] 자연산 민어굴비 400g(냉동),민어로 만든 짭조름한 굴비,19900,,
8,https://img-cf.kurly.com/shop/data/goods/1533274678642l0.jpg,다짐 민어 80g 내외(냉동),부담 없이 사용하는 고급 생선,9500,,
8,https://img-cf.kurly.com/shop/data/goods/1583891961890l0.jpg,[우주] 국산 오징어채 400g(냉동),편리하게 사용하는 손질 오징어,9900,,
8,https://img-cf.kurly.com/shop/data/goods/1584496590885l0.jpg,냉동 [법성포참맛] 더 커진 프리미엄 영광굴비 110g(냉동)_국내산,넉넉한 살점에 배인 뽀얀 감칠맛,15000,,
8,https://img-cf.kurly.com/shop/data/goods/1591152730669l0.jpg,냉동 [양포어장] 초코오징어 400g_국내산,진한 빛깔의 쫄깃함,9900,,
8,https://img-cf.kurly.com/shop/data/goods/162399787583l0.jpg,[알래스코] 손질 가자미 (650~750g/2마리)(냉동),깔끔하게 개별 포장된 가자미,6700,,
8,https://img-cf.kurly.com/shop/data/goods/1606282356519l0.jpg,[은하수산] 문어&소라 슬라이스 200g(냉장),쫄깃하게 부드러운,12000,,
8,https://img-cf.kurly.com/shop/data/goods/1616986930887l0.jpg,[이호] 국산 자반 고등어 450g(냉장, 2미),손쉽게 조리하는 자반 고등어,7900,,
8,https://img-cf.kurly.com/shop/data/goods/1594018746767l0.jpg,냉동 [Easy Cook] 오늘은 오징어링(손질) 480g_국내산,요리의 모양과 맛을 더하는 손질 오징어,15900,,
8,https://img-cf.kurly.com/shop/data/goods/1623047407433l0.jpg,[바븐] 국산 청어 2마리(생물),고소한 감칠맛 가득,3900,,
8,https://img-cf.kurly.com/shop/data/goods/1595997901177l0.jpg,[은하수산] 도미회 120g,알맞게 즐기는 탄력 넘치는 맛,12000,,
8,https://img-cf.kurly.com/shop/data/goods/1576818398674l0.jpg,[은하수산] 노르웨이 생연어회 120g (냉장),안전하게 담아낸 연어의 고소함,11000,,
8,https://img-cf.kurly.com/shop/data/goods/161284575655l0.jpg,속초 제철 양미리(냉동),고소한 맛이 일품인 겨울 생선,6900,,
8,https://img-cf.kurly.com/shop/data/goods/15760323327l0.jpg,[바븐] 깨끗하게 손질된 제주도 생물갈치(특대) 1마리(생물),생물로 만나는 신선한 갈치,39000,,
8,https://img-cf.kurly.com/shop/data/goods/1584958915691l0.jpg,[어부네] 도다리 2종(냉동),도다리가 전하는 부드러운 담백함,7125,25.0,9500.0
8,https://img-cf.kurly.com/shop/data/goods/1569302314628l0.jpg,[어부네] 손질 참돔 4종(냉동),간편한 참돔요리를 위한 선택,10440,13.0,12000.0
8,https://img-cf.kurly.com/shop/data/goods/1600058823338l0.jpg,[이호] 제주 생물갈치 400g(생물),신선한 은빛을 자랑하는,29000,,
8,https://img-cf.kurly.com/shop/data/goods/1613623914773l0.jpg,[반하다] 겉바속촉 생선카츠 360g(냉동),가자미살로 만든 도톰한 생선카츠,9900,,
8,https://img-cf.kurly.com/shop/data/goods/1582078433222l0.jpg,[우주] 지중해산 참다랑어 배꼽살 200g(냉동),눈과 입을 사로잡는 참치회의 정수,27500,,
8,https://img-cf.kurly.com/shop/data/goods/1594796446644l0.jpg,[바븐] 자연산 전복(170g 내외)(예약일 수령, 생물),바다가 허락한 특별함,30000,,
8,https://img-cf.kurly.com/shop/data/goods/1577759851136l0.jpg,냉동 [법성포참맛] 프리미엄 영광굴비 90g 내외 두마리(냉동)_국내산,고소하고 부드러운 굴비의 참맛,9900,,
8,https://img-cf.kurly.com/shop/data/goods/1623047597457l0.jpg,[바븐] 꽁치 300g 내외(냉장),활용도 높은 국민 생선,5500,,
8,https://img-cf.kurly.com/shop/data/goods/1584059277596l0.jpg,[양포어장] 생물아귀 1마리(생물),뽀득한 살을 즐기는 간편한 방법,16900,,
8,https://img-cf.kurly.com/shop/data/goods/1598944579410l0.jpg,[이호] 생물 고등어 (조림용) 350g내외(생물),신선함이 듬뿍 담긴,5900,,
8,https://img-cf.kurly.com/shop/data/goods/1581052026569l0.jpg,[은하수산] 생연어 스테이크 200g(냉장),고소하게 즐기는 도톰한 연어,11000,,
8,https://img-cf.kurly.com/shop/data/goods/1578973770672l0.jpg,냉동 [우주] 우리아이 순살 갈치 400g_국내산,아이 반찬 고민될 때,12500,,
8,https://img-cf.kurly.com/shop/data/goods/1592892683395l0.jpg,[쌜모네 Light] 오로라 생연어 120g,혼자서도 먹기 좋은 생연어,8900,,
8,https://img-cf.kurly.com/shop/data/goods/1614151907498l0.jpg,[법성포참맛] 찜부세 보리굴비(특대/220g)(냉동),큼직하게 즐기는 부세 굴비,19900,,
8,https://img-cf.kurly.com/shop/data/goods/154693043986l0.jpg,[어부네] 병어 2종(냉동),부드럽고 담백한 맛,13500,,
8,https://img-cf.kurly.com/shop/data/goods/1605574161840l0.jpg,[KF365] 노르웨이 고등어 170g(냉동),간편하게 즐기는 신선한 고등어,2500,,
8,https://img-cf.kurly.com/shop/data/goods/1605574694684l0.jpg,냉동 [KF365] 국산고등어 250g_국내산,통통하고 신선한,4500,,
8,https://img-cf.kurly.com/shop/data/goods/159496590984l0.jpg,냉동 [법성포참맛] 대용량 영광굴비 1.8kg(20마리)(냉동)_국내산,반찬 걱정 덜어줄 대용량 굴비,89000,,
8,https://img-cf.kurly.com/shop/data/goods/1591077602297l0.jpg,[은하수산] 노르웨이 생연어 400g(횟감),원하는 대로 즐기는 연어,21000,,
9,https://img-cf.kurly.com/shop/data/goods/1463994351328l0.jpg,[쌜모네키친] 오로라 생연어 (냉장),집에서 프로처럼 연어회 즐기기,14000,,
9,https://img-cf.kurly.com/shop/data/goods/1513651162951l0.jpg,냉동 [제주창해수산] 제주 고등어살 160~180g / 1쪽_국내산,제주 남단 청정 바다에서 건져올린 제주 고등어,3200,,
9,https://img-cf.kurly.com/shop/data/goods/1600048862837l0.jpg,[쌜모네키친] 오로라 그라브락스 연어 200g,,16500,,
9,https://img-cf.kurly.com/shop/data/goods/149213558525l0.jpg,Hallo! 노르웨이 고등어,오일 없이 구워도 촉촉하고 고소한 맛!,3500,,
9,https://img-cf.kurly.com/shop/data/goods/1555057595776l0.jpg,[CHAM] 노르웨이 고등어 3개 묶음 500g(냉동),짭조름한 일품 밥반찬,6200,,
9,https://img-cf.kurly.com/shop/data/goods/1525827652343l0.jpg,[쌜모네키친] 연어 스테이크,빛 발하는 근사한 존재감,9900,,
9,https://img-cf.kurly.com/shop/data/goods/1510126109662l0.jpg,[제주창해수산] 삼치 400-500g(냉동),푸짐하고 고소한 속살,8900,,
9,https://img-cf.kurly.com/shop/data/goods/1616979116245l0.jpg,[마켓컬리] 동태살,담백한 흰살생선,4100,,
9,https://img-cf.kurly.com/shop/data/goods/150181331989l0.jpg,다짐 대구살 80g(냉동),우리 아이 첫 생선,9900,,
9,https://img-cf.kurly.com/shop/data/goods/1501813229349l0.jpg,다짐 대게살 80g(냉동),풍부한 단백질과 부드러운 식감,6900,,
9,https://img-cf.kurly.com/shop/data/goods/1501813258357l0.jpg,다짐 새우살 80g(냉동),내장을 빼고 깨끗하게 손질한 다짐 새우살,7900,,
9,https://img-cf.kurly.com/shop/data/goods/1521078119921l0.jpg,다짐 짜지 않은 멸치 80g(냉동),곱게 다져 부드러운 멸치,5200,,
9,https://img-cf.kurly.com/shop/data/goods/1488966896887l0.jpg,[앤쿡] 컴팩트 고등어 & 삼치(냉동),자신감 생기는 생선 요리,15900,,
9,https://img-cf.kurly.com/shop/data/goods/1521082404336l0.jpg,다짐 연어살 80g(냉동),국내산 연어를 부드럽고 깨끗하게 다진,5900,,
9,https://img-cf.kurly.com/shop/data/goods/1476980983777l0.jpg,노르웨이 순살 고등어 300g(냉동),한번에 한 개씩 먹는 고등어,8500,,
9,https://img-cf.kurly.com/shop/data/goods/159825843566l0.jpg,가시없는 삼치 350g(냉동),간편하게 완료성하는 생선 요리,9900,,
9,https://img-cf.kurly.com/shop/data/goods/1511257118305l0.jpg,황금 굴비 (부세) 250g 내외 (냉동),맛도 황금, 크기도 황금,9900,,
9,https://img-cf.kurly.com/shop/data/goods/1510708692609l0.jpg,[제주창해수산] 제주 옥돔 250~290g(냉동),제주의 해풍을 맞아 더욱 고소해진 참옥돔,39000,,
9,https://img-cf.kurly.com/shop/data/goods/152040124971l0.jpg,[어부네] 손질 아귀,초보요리사도 걱정 없는 아귀 요리,12665,15.0,14900.0
9,https://img-cf.kurly.com/shop/data/goods/1504622495890l0.jpg,[황금회] 연어회 (냉장),담백함이 살아있는 숙성 연어 회 (300g),19900,,
9,https://img-cf.kurly.com/shop/data/goods/1504622879483l0.jpg,[황금회] 광어 & 연어 회(냉장),한 번에 맛보는 두 가지 숙성회 (300g),22900,,
9,https://img-cf.kurly.com/shop/data/goods/1504622033499l0.jpg,[황금회] 광어회 (냉장),감칠 맛이 살아있는 숙성 광어 회 (300g),24900,,
